0,-0.00,0.13,1.02
1,-0.01,0.13,1.02
2,-0.01,0.13,1.02
3,-0.01,0.13,1.02
4,-0.01,0.13,1.02
5,-0.01,0.13,1.02
6,-0.01,0.13,1.02
7,-0.01,0.13,1.02
8,-0.02,0.13,1.02
9,-0.02,0.13,1.02
10,-0.02,0.13,1.02
11,-0.01,0.13,1.02
12,-0.01,0.13,1.02
13,-0.01,0.13,1.02
14,-0.01,0.12,1.01
15,-0.01,0.12,1.01
16,-0.01,0.12,1.01
17,-0.01,0.12,1.01
18,-0.00,0.12,1.01
19,-0.00,0.12,1.01
20,-0.00,0.12,1.02
21,-0.00,0.12,1.02
22,-0.00,0.12,1.02
23,-0.00,0.12,1.02
24,-0.00,0.12,1.03
25,-0.00,0.12,1.03
26,-0.00,0.12,1.03
27,-0.00,0.12,1.02
28,-0.01,0.12,1.02
29,-0.01,0.12,1.02
30,-0.01,0.12,1.02
31,-0.01,0.12,1.02
32,-0.01,0.12,1.02
33,-0.01,0.12,1.02
34,-0.01,0.12,1.01
35,-0.01,0.12,1.01
36,-0.01,0.12,1.01
37,-0.01,0.12,1.00
38,-0.01,0.13,1.00
39,-0.01,0.13,1.00
40,-0.01,0.13,1.00
41,0.00,0.12,1.01
42,0.00,0.12,1.01
43,0.00,0.12,1.01
44,0.00,0.12,1.01
45,-0.00,0.12,1.01
46,-0.00,0.12,1.01
47,-0.00,0.12,1.01
48,0.01,0.12,1.01
49,0.01,0.12,1.01
50,0.01,0.12,1.01
51,0.01,0.13,1.02
52,0.01,0.13,1.02
53,0.01,0.13,1.02
54,0.01,0.13,1.02
55,0.01,0.12,1.01
56,0.01,0.12,1.01
57,0.01,0.12,1.01
58,0.01,0.12,1.01
59,0.02,0.12,1.01
60,0.02,0.12,1.01
61,0.02,0.12,1.01
62,0.01,0.11,1.01
63,0.01,0.11,1.01
64,0.01,0.11,1.01
65,0.01,0.11,1.01
66,0.02,0.11,1.01
67,0.02,0.11,1.01
68,0.02,0.11,1.02
69,0.01,0.11,1.02
70,0.01,0.11,1.02
71,0.01,0.11,1.02
72,0.01,0.12,1.01
73,0.01,0.12,1.01
74,0.01,0.12,1.01
75,0.01,0.12,1.01
76,0.01,0.12,1.01
77,0.01,0.12,1.01
78,0.01,0.12,1.01
79,0.01,0.12,1.00
80,0.00,0.12,1.00
81,0.00,0.12,1.00
82,0.00,0.12,1.01
83,0.00,0.12,1.01
84,0.00,0.12,1.01
85,0.00,0.12,1.01
86,0.00,0.12,1.02
87,-0.01,0.12,1.02
88,-0.01,0.12,1.02
89,-0.01,0.12,1.02
90,0.00,0.12,1.02
91,0.00,0.12,1.02
92,0.00,0.12,1.02
93,0.00,0.12,1.01
94,0.00,0.12,1.01
95,0.00,0.12,1.01
96,0.00,0.12,1.02
97,0.00,0.12,1.02
98,0.00,0.12,1.02
99,0.00,0.12,1.02
100,-0.03,0.07,1.02
101,-0.03,0.07,1.02
102,-0.02,0.07,1.02
103,-0.02,0.07,1.02
104,-0.02,0.07,1.02
105,-0.02,0.07,1.02
106,-0.02,0.07,1.02
107,-0.02,0.05,1.02
108,-0.02,0.05,1.02
109,-0.02,0.05,1.02
110,-0.02,0.05,1.01
111,-0.01,0.06,1.01
112,-0.01,0.06,1.01
113,-0.01,0.06,1.01
114,-0.01,0.06,1.01
115,-0.01,0.06,1.01
116,-0.01,0.06,1.01
117,-0.01,0.06,1.01
118,-0.00,0.06,1.01
119,-0.00,0.06,1.01
120,-0.00,0.06,1.01
121,0.01,0.07,1.00
122,0.01,0.07,1.00
123,0.01,0.07,1.00
124,0.01,0.07,0.99
125,0.01,0.07,0.99
126,0.01,0.07,0.99
127,0.01,0.07,1.00
128,0.01,0.07,1.00
129,0.01,0.07,1.00
130,0.01,0.07,1.00
131,0.01,0.07,1.01
132,0.00,0.07,1.01
133,0.00,0.07,1.01
134,0.00,0.07,1.02
135,0.00,0.08,1.02
136,0.00,0.08,1.02
137,0.00,0.08,1.02
138,0.00,0.07,1.01
139,-0.01,0.07,1.01
140,-0.01,0.07,1.01
141,-0.01,0.07,1.04
142,-0.01,0.08,1.04
143,-0.01,0.08,1.04
144,-0.01,0.08,1.04
145,-0.02,0.07,1.02
146,-0.02,0.07,1.02
147,-0.02,0.07,1.02
148,-0.02,0.08,1.02
149,-0.02,0.08,1.02
150,-0.02,0.08,1.02
151,-0.02,0.08,1.02
152,-0.01,0.08,1.02
153,-0.01,0.08,1.02
154,-0.01,0.08,1.02
155,-0.01,0.08,1.01
156,-0.01,0.08,1.01
157,-0.01,0.08,1.01
158,-0.01,0.08,1.01
159,-0.01,0.09,1.01
160,-0.01,0.09,1.01
161,-0.01,0.09,1.01
162,-0.00,0.10,1.00
163,-0.00,0.10,1.00
164,-0.00,0.10,1.00
165,-0.00,0.11,1.00
166,0.01,0.11,1.00
167,0.01,0.11,1.00
168,0.01,0.11,1.01
169,0.00,0.11,1.01
170,0.00,0.11,1.01
171,0.00,0.11,1.01
172,0.00,0.10,1.01
173,-0.02,0.10,1.01
174,-0.02,0.10,1.01
175,-0.02,0.10,1.03
176,-0.02,0.09,1.03
177,-0.02,0.09,1.03
178,-0.02,0.09,1.03
179,-0.02,0.08,1.04
180,-0.02,0.08,1.04
181,-0.02,0.08,1.04
182,-0.02,0.07,1.03
183,-0.02,0.07,1.03
184,-0.02,0.07,1.03
185,-0.02,0.07,1.01
186,-0.01,0.08,1.01
187,-0.01,0.08,1.01
188,-0.01,0.08,1.01
189,-0.01,0.08,1.02
190,-0.01,0.08,1.02
191,-0.01,0.08,1.02
192,-0.01,0.07,1.02
193,-0.00,0.07,1.02
194,-0.00,0.07,1.02
195,-0.00,0.07,1.02
196,0.00,0.07,1.02
197,0.00,0.07,1.02
198,0.00,0.07,1.02
199,0.00,0.08,1.03
200,0.00,0.09,1.02
201,-0.04,0.09,1.02
202,-0.04,0.09,1.02
203,-0.04,0.09,1.02
204,-0.04,0.10,1.00
205,-0.04,0.10,1.00
206,-0.04,0.10,1.00
207,-0.04,0.10,1.01
208,-0.04,0.09,1.01
209,-0.04,0.09,1.01
210,-0.04,0.09,1.01
211,-0.04,0.09,1.01
212,-0.04,0.09,1.01
213,-0.04,0.09,1.01
214,-0.04,0.08,1.01
215,-0.04,0.08,1.01
216,-0.04,0.08,1.01
217,-0.04,0.08,1.01
218,-0.04,0.07,1.01
219,-0.04,0.07,1.01
220,-0.04,0.07,1.01
221,-0.04,0.07,1.03
222,-0.04,0.07,1.03
223,-0.04,0.07,1.03
224,-0.04,0.07,1.02
225,-0.03,0.07,1.02
226,-0.03,0.07,1.02
227,-0.03,0.07,1.02
228,-0.03,0.07,1.02
229,-0.03,0.07,1.02
230,-0.03,0.07,1.02
231,-0.03,0.07,1.03
232,-0.03,0.07,1.03
233,-0.03,0.07,1.03
234,-0.03,0.07,1.02
235,-0.03,0.06,1.02
236,-0.03,0.06,1.02
237,-0.03,0.06,1.02
238,-0.03,0.05,1.02
239,-0.03,0.05,1.02
240,-0.03,0.05,1.02
241,-0.03,0.05,1.01
242,-0.02,0.05,1.01
243,-0.02,0.05,1.01
244,-0.02,0.05,1.01
245,-0.02,0.06,1.02
246,-0.02,0.06,1.02
247,-0.02,0.06,1.02
248,-0.02,0.05,1.02
249,-0.02,0.05,1.02
250,-0.02,0.05,1.02
251,-0.02,0.05,1.01
252,-0.01,0.06,1.01
253,-0.01,0.06,1.01
254,-0.01,0.06,1.01
255,-0.01,0.06,1.00
256,-0.01,0.06,1.00
257,-0.01,0.06,1.00
258,-0.01,0.06,1.01
259,0.01,0.06,1.01
260,0.01,0.06,1.01
261,0.01,0.06,1.01
262,0.00,0.06,1.01
263,0.00,0.06,1.01
264,0.00,0.06,1.01
265,0.00,0.06,1.01
266,0.00,0.06,1.01
267,0.00,0.06,1.01
268,0.00,0.06,1.01
269,0.00,0.06,1.02
270,0.00,0.06,1.02
271,0.00,0.06,1.02
272,0.00,0.07,1.02
273,0.01,0.07,1.02
274,0.01,0.07,1.02
275,0.01,0.07,1.02
276,0.02,0.07,1.02
277,0.02,0.07,1.02
278,0.02,0.07,1.02
279,0.02,0.08,1.02
280,0.02,0.08,1.02
281,0.02,0.08,1.02
282,0.02,0.08,1.03
283,0.02,0.08,1.03
284,0.02,0.08,1.03
285,0.02,0.08,1.03
286,0.02,0.08,1.03
287,0.02,0.08,1.03
288,0.02,0.08,1.03
289,0.02,0.08,1.04
290,0.02,0.08,1.04
291,0.02,0.08,1.04
292,0.02,0.08,1.04
293,0.02,0.07,1.04
294,0.03,0.07,1.04
295,0.03,0.07,1.04
296,0.03,0.07,1.04
297,0.03,0.06,1.04
298,0.03,0.06,1.04
299,0.03,0.06,1.04
300,0.05,0.04,0.99
301,0.05,0.04,0.99
302,0.05,0.04,0.99
303,0.05,0.04,0.99
304,0.05,0.04,0.99
305,0.05,0.04,0.99
306,0.04,0.06,0.99
307,0.04,0.06,0.99
308,0.04,0.06,0.99
309,0.04,0.07,0.99
310,0.04,0.07,0.99
311,0.04,0.07,0.99
312,0.04,0.07,0.99
313,0.04,0.07,0.99
314,0.04,0.07,0.99
315,0.04,0.07,0.99
316,0.04,0.06,1.00
317,0.04,0.06,1.00
318,0.04,0.06,1.00
319,0.04,0.06,0.99
320,0.04,0.05,0.99
321,0.04,0.05,0.99
322,0.04,0.05,0.99
323,0.04,0.04,1.01
324,0.03,0.04,1.01
325,0.03,0.04,1.01
326,0.03,0.04,1.01
327,0.02,0.03,1.01
328,0.02,0.03,1.01
329,0.02,0.03,1.01
330,0.02,0.02,1.03
331,0.02,0.02,1.03
332,0.02,0.02,1.03
333,0.02,0.02,1.03
334,0.02,0.02,1.03
335,0.02,0.02,1.03
336,0.02,0.02,1.03
337,0.01,0.02,1.03
338,0.01,0.02,1.03
339,0.01,0.02,1.03
340,0.01,0.02,1.02
341,0.01,0.02,1.02
342,0.01,0.02,1.02
343,0.01,0.02,1.02
344,0.01,0.03,1.02
345,0.01,0.03,1.02
346,0.01,0.03,1.02
347,0.01,0.03,1.02
348,0.01,0.03,1.02
349,0.01,0.03,1.02
350,0.01,0.03,1.02
351,0.01,0.02,1.01
352,0.01,0.02,1.01
353,0.01,0.02,1.01
354,0.01,0.02,1.01
355,-0.00,0.01,1.01
356,-0.00,0.01,1.01
357,-0.00,0.01,1.01
358,-0.00,0.00,1.02
359,-0.00,0.00,1.02
360,-0.00,0.00,1.02
361,-0.00,-0.01,1.02
362,-0.00,-0.01,1.02
363,-0.00,-0.01,1.02
364,-0.00,-0.01,1.01
365,-0.00,-0.01,1.01
366,-0.00,-0.01,1.01
367,-0.00,-0.01,1.01
368,0.00,-0.01,1.01
369,0.00,-0.01,1.01
370,0.00,-0.01,1.01
371,0.00,-0.00,1.02
372,0.00,-0.00,1.02
373,0.00,-0.00,1.02
374,0.00,-0.00,1.03
375,0.00,-0.00,1.03
376,0.00,-0.00,1.03
377,0.00,-0.00,1.03
378,0.01,0.01,1.02
379,0.01,0.01,1.02
380,0.01,0.01,1.02
381,0.01,0.01,1.02
382,0.01,0.01,1.02
383,0.01,0.01,1.02
384,0.01,0.01,1.02
385,0.01,0.00,1.02
386,0.01,0.00,1.02
387,0.01,0.00,1.02
388,0.01,0.00,1.02
389,0.01,0.00,1.02
390,0.01,0.00,1.02
391,0.01,0.00,1.02
392,0.01,0.01,1.02
393,0.01,0.01,1.02
394,0.01,0.01,1.02
395,0.01,0.01,1.02
396,0.02,0.01,1.02
397,0.02,0.01,1.02
398,0.02,0.01,1.02
399,0.02,0.02,1.02
400,0.04,0.03,1.03
401,0.04,0.03,1.03
402,0.04,0.03,1.03
403,0.04,0.03,1.03
404,0.04,0.03,1.03
405,0.03,0.02,1.03
406,0.03,0.02,1.03
407,0.03,0.02,1.03
408,0.03,0.00,1.04
409,0.02,0.00,1.04
410,0.02,0.00,1.04
411,0.02,0.00,1.04
412,0.01,-0.02,1.05
413,0.01,-0.02,1.05
414,0.01,-0.02,1.05
415,0.01,-0.03,1.05
416,-0.00,-0.03,1.05
417,-0.00,-0.03,1.05
418,-0.00,-0.03,1.05
419,-0.00,-0.04,1.05
420,-0.00,-0.04,1.05
421,-0.00,-0.04,1.05
422,0.00,-0.03,1.04
423,0.00,-0.03,1.04
424,0.00,-0.03,1.04
425,0.00,-0.01,1.04
426,0.01,-0.01,1.04
427,0.01,-0.01,1.04
428,0.01,-0.01,1.04
429,0.01,0.01,1.04
430,0.01,0.01,1.04
431,0.01,0.01,1.04
432,0.02,0.02,1.03
433,0.02,0.02,1.03
434,0.02,0.02,1.03
435,0.02,0.02,1.02
436,0.03,0.02,1.02
437,0.03,0.02,1.02
438,0.03,0.02,1.02
439,0.03,0.02,1.02
440,0.03,0.02,1.02
441,0.03,0.02,1.02
442,0.03,0.02,1.02
443,0.03,0.02,1.02
444,0.03,0.02,1.02
445,0.03,0.02,1.02
446,0.03,0.03,1.03
447,0.03,0.03,1.03
448,0.03,0.03,1.03
449,0.03,0.03,1.03
450,0.02,0.03,1.03
451,0.02,0.03,1.03
452,0.02,0.03,1.03
453,0.02,0.03,1.03
454,0.02,0.03,1.03
455,0.02,0.03,1.03
456,0.02,0.03,1.02
457,0.02,0.02,1.02
458,0.02,0.02,1.02
459,0.02,0.02,1.02
460,0.02,0.01,1.03
461,0.02,0.01,1.03
462,0.02,0.01,1.03
463,0.02,0.00,1.04
464,0.02,0.00,1.04
465,0.02,0.00,1.04
466,0.02,0.00,1.04
467,0.01,0.00,1.05
468,0.01,0.00,1.05
469,0.01,0.00,1.05
470,0.01,-0.00,1.05
471,0.01,-0.00,1.05
472,0.01,-0.00,1.05
473,0.01,-0.00,1.05
474,0.02,-0.01,1.05
475,0.02,-0.01,1.05
476,0.02,-0.01,1.05
477,0.03,-0.02,1.05
478,0.03,-0.02,1.05
479,0.03,-0.02,1.05
480,0.03,-0.02,1.05
481,0.04,-0.02,1.05
482,0.04,-0.02,1.05
483,0.04,-0.02,1.05
484,0.04,-0.02,1.05
485,0.04,-0.02,1.05
486,0.04,-0.02,1.05
487,0.04,-0.01,1.06
488,0.04,-0.01,1.06
489,0.04,-0.01,1.06
490,0.04,-0.01,1.04
491,0.04,0.01,1.04
492,0.04,0.01,1.04
493,0.04,0.01,1.04
494,0.04,0.02,1.04
495,0.04,0.02,1.04
496,0.04,0.02,1.04
497,0.04,0.02,1.03
498,0.05,0.03,1.03
499,0.05,0.03,1.03
500,0.02,0.04,1.03
501,0.02,0.04,1.03
502,0.02,0.04,1.03
503,0.02,0.04,1.03
504,0.02,0.04,1.03
505,0.02,0.04,1.03
506,0.02,0.04,1.03
507,0.02,0.04,1.02
508,0.02,0.04,1.02
509,0.02,0.04,1.02
510,0.02,0.04,1.02
511,0.03,0.04,1.02
512,0.03,0.04,1.02
513,0.03,0.04,1.02
514,0.03,0.04,1.03
515,0.02,0.04,1.03
516,0.02,0.04,1.03
517,0.02,0.04,1.03
518,0.02,0.04,1.03
519,0.02,0.04,1.03
520,0.02,0.04,1.03
521,0.02,0.05,1.02
522,0.03,0.05,1.02
523,0.03,0.05,1.02
524,0.03,0.05,1.02
525,0.02,0.05,1.03
526,0.02,0.05,1.03
527,0.02,0.05,1.03
528,0.02,0.04,1.02
529,0.02,0.04,1.02
530,0.02,0.04,1.02
531,0.02,0.04,1.02
532,0.01,0.04,1.02
533,0.01,0.04,1.02
534,0.01,0.04,1.02
535,0.01,0.04,1.02
536,0.01,0.04,1.02
537,0.01,0.04,1.02
538,0.01,0.04,1.01
539,0.01,0.04,1.01
540,0.01,0.04,1.01
541,0.01,0.04,1.01
542,0.01,0.03,1.02
543,0.00,0.03,1.02
544,0.00,0.03,1.02
545,0.00,0.03,1.01
546,0.00,0.04,1.01
547,0.00,0.04,1.01
548,0.00,0.04,1.01
549,0.00,0.03,1.01
550,0.00,0.03,1.01
551,0.00,0.03,1.01
552,0.00,0.03,1.02
553,0.01,0.03,1.02
554,0.01,0.03,1.02
555,0.01,0.03,1.02
556,0.00,0.03,1.01
557,0.00,0.03,1.01
558,0.00,0.03,1.01
559,0.00,0.03,1.01
560,0.01,0.03,1.01
561,0.01,0.03,1.01
562,0.01,0.03,1.01
563,0.01,0.04,1.01
564,0.01,0.04,1.01
565,0.01,0.04,1.01
566,0.01,0.04,1.01
567,0.01,0.04,1.01
568,0.01,0.04,1.01
569,0.01,0.04,1.01
570,0.01,0.05,1.00
571,0.01,0.05,1.00
572,0.01,0.05,1.00
573,0.01,0.05,1.00
574,0.01,0.05,1.00
575,0.01,0.05,1.00
576,0.01,0.05,1.00
577,0.01,0.04,1.01
578,0.01,0.04,1.01
579,0.01,0.04,1.01
580,0.01,0.04,1.02
581,0.01,0.04,1.02
582,0.01,0.04,1.02
583,0.01,0.04,1.02
584,0.01,0.04,1.02
585,0.01,0.04,1.02
586,0.01,0.04,1.02
587,0.01,0.03,1.02
588,0.00,0.03,1.02
589,0.00,0.03,1.02
590,0.00,0.03,1.02
591,0.00,0.03,1.03
592,0.00,0.03,1.03
593,0.00,0.03,1.03
594,0.00,0.03,1.02
595,-0.00,0.03,1.02
596,-0.00,0.03,1.02
597,-0.00,0.03,1.02
598,-0.00,0.03,1.02
599,-0.00,0.03,1.02
600,0.00,0.01,1.02
601,0.00,0.01,1.02
602,0.00,0.01,1.02
603,0.00,0.01,1.02
604,0.00,0.01,1.02
605,0.00,0.01,1.02
606,0.00,0.01,1.02
607,0.00,0.01,1.02
608,0.00,0.01,1.03
609,0.01,0.01,1.03
610,0.01,0.01,1.03
611,0.01,0.01,1.02
612,0.01,0.01,1.02
613,0.01,0.01,1.02
614,0.01,0.01,1.02
615,0.01,0.01,1.03
616,0.02,0.01,1.03
617,0.02,0.01,1.03
618,0.02,0.01,1.04
619,0.02,0.00,1.04
620,0.02,0.00,1.04
621,0.02,0.00,1.04
622,0.01,-0.01,1.04
623,0.01,-0.01,1.04
624,0.01,-0.01,1.04
625,0.01,-0.01,1.03
626,0.01,-0.01,1.03
627,0.01,-0.01,1.03
628,0.01,-0.01,1.03
629,0.01,-0.01,1.03
630,0.01,-0.01,1.03
631,0.01,-0.01,1.03
632,0.01,-0.01,1.03
633,0.01,-0.01,1.03
634,0.01,-0.01,1.03
635,0.01,-0.01,1.04
636,-0.00,-0.00,1.04
637,-0.00,-0.00,1.04
638,-0.00,-0.00,1.04
639,0.00,0.00,1.05
640,0.00,0.00,1.05
641,0.00,0.00,1.05
642,0.00,-0.00,1.04
643,-0.00,-0.00,1.04
644,-0.00,-0.00,1.04
645,-0.00,-0.00,1.04
646,0.01,-0.00,1.04
647,0.01,-0.00,1.04
648,0.01,-0.00,1.04
649,0.01,-0.00,1.03
650,0.01,-0.00,1.03
651,0.01,-0.00,1.03
652,0.01,-0.00,1.04
653,0.00,-0.00,1.04
654,0.00,-0.00,1.04
655,0.00,-0.00,1.04
656,0.00,0.00,1.04
657,0.00,0.00,1.04
658,0.00,0.00,1.04
659,0.00,-0.00,1.03
660,0.00,-0.00,1.03
661,0.00,-0.00,1.03
662,0.00,-0.00,1.03
663,0.00,-0.01,1.03
664,0.00,-0.01,1.03
665,0.00,-0.01,1.03
666,0.01,0.00,1.04
667,0.01,0.00,1.04
668,0.01,0.00,1.04
669,0.01,0.00,1.04
670,0.00,0.01,1.04
671,0.00,0.01,1.04
672,0.00,0.01,1.04
673,0.00,0.01,1.05
674,0.00,0.01,1.05
675,0.00,0.01,1.05
676,0.00,0.00,1.04
677,0.00,0.00,1.04
678,0.00,0.00,1.04
679,0.00,0.00,1.04
680,0.00,-0.01,1.04
681,0.00,-0.01,1.04
682,0.00,-0.01,1.04
683,0.00,-0.01,1.04
684,0.00,-0.01,1.04
685,0.00,-0.01,1.04
686,0.00,-0.01,1.04
687,0.00,-0.01,1.04
688,0.00,-0.01,1.04
689,0.00,-0.01,1.04
690,0.00,-0.01,1.05
691,0.00,-0.01,1.05
692,0.00,-0.01,1.05
693,0.00,-0.00,1.04
694,0.00,-0.00,1.04
695,0.00,-0.00,1.04
696,0.00,-0.00,1.04
697,-0.00,-0.00,1.04
698,-0.00,-0.00,1.04
699,-0.00,-0.00,1.04
700,0.01,0.02,1.02
701,0.01,0.02,1.02
702,0.01,0.02,1.02
703,0.01,0.02,1.02
704,0.01,0.02,1.03
705,0.02,0.02,1.03
706,0.02,0.02,1.03
707,0.02,0.02,1.03
708,0.02,0.02,1.03
709,0.01,0.02,1.03
710,0.01,0.02,1.03
711,0.01,0.02,1.03
712,0.02,0.02,1.03
713,0.02,0.02,1.03
714,0.02,0.02,1.03
715,0.02,0.01,1.02
716,0.02,0.01,1.02
717,0.02,0.01,1.02
718,0.02,0.01,1.02
719,0.02,0.01,1.02
720,0.02,0.01,1.02
721,0.02,0.01,1.02
722,0.02,0.01,1.03
723,0.02,0.01,1.03
724,0.02,0.01,1.03
725,0.02,0.01,1.03
726,0.02,0.01,1.03
727,0.02,0.01,1.03
728,0.02,0.01,1.03
729,0.02,0.01,1.03
730,0.02,0.01,1.03
731,0.02,0.01,1.03
732,0.02,0.01,1.03
733,0.02,0.01,1.03
734,0.02,0.01,1.03
735,0.02,0.01,1.03
736,0.02,0.00,1.03
737,0.02,0.00,1.03
738,0.02,0.00,1.03
739,0.02,0.00,1.02
740,0.02,0.00,1.02
741,0.02,0.00,1.02
742,0.02,0.00,1.02
743,0.02,0.01,1.02
744,0.02,0.01,1.02
745,0.02,0.01,1.02
746,0.02,0.02,1.03
747,0.02,0.02,1.03
748,0.02,0.02,1.03
749,0.02,0.02,1.03
750,0.01,0.01,1.02
751,0.01,0.01,1.02
752,0.01,0.01,1.02
753,0.01,0.01,1.02
754,0.01,0.01,1.02
755,0.01,0.01,1.02
756,0.01,0.01,1.02
757,0.01,0.01,1.03
758,0.01,0.01,1.03
759,0.01,0.01,1.03
760,0.01,0.01,1.03
761,0.01,0.01,1.03
762,0.01,0.01,1.03
763,0.01,0.01,1.03
764,0.01,0.00,1.04
765,0.01,0.00,1.04
766,0.01,0.00,1.04
767,0.01,0.00,1.03
768,0.01,0.00,1.03
769,0.01,0.00,1.03
770,0.01,0.00,1.03
771,0.01,0.01,1.03
772,0.01,0.01,1.03
773,0.01,0.01,1.03
774,0.01,0.01,1.03
775,0.01,0.01,1.03
776,0.01,0.01,1.03
777,0.01,0.01,1.03
778,0.01,-0.00,1.03
779,0.01,-0.00,1.03
780,0.01,-0.00,1.03
781,0.01,-0.00,1.03
782,0.01,-0.00,1.03
783,0.01,-0.00,1.03
784,0.01,-0.00,1.03
785,0.01,0.01,1.03
786,0.01,0.01,1.03
787,0.01,0.01,1.03
788,0.01,0.01,1.02
789,0.01,0.01,1.02
790,0.01,0.01,1.02
791,0.01,0.01,1.03
792,0.01,0.01,1.03
793,0.01,0.01,1.03
794,0.01,0.01,1.03
795,0.01,0.00,1.03
796,0.01,0.00,1.03
797,0.01,0.00,1.03
798,0.01,0.01,1.03
799,0.01,0.01,1.03
800,0.01,0.04,1.02
801,0.01,0.04,1.02
802,0.01,0.04,1.02
803,0.01,0.04,1.02
804,0.01,0.04,1.02
805,0.01,0.04,1.02
806,0.01,0.03,1.02
807,0.01,0.03,1.02
808,0.01,0.03,1.02
809,0.01,0.03,1.02
810,0.02,0.04,1.02
811,0.02,0.04,1.02
812,0.02,0.04,1.02
813,0.02,0.03,1.02
814,0.02,0.03,1.02
815,0.02,0.03,1.02
816,0.02,0.03,1.03
817,0.01,0.04,1.03
818,0.01,0.04,1.03
819,0.01,0.04,1.03
820,0.01,0.04,1.02
821,0.01,0.04,1.02
822,0.01,0.04,1.02
823,0.01,0.04,1.02
824,0.01,0.04,1.02
825,0.01,0.04,1.02
826,0.01,0.04,1.02
827,0.01,0.04,1.02
828,0.01,0.04,1.02
829,0.01,0.04,1.02
830,0.01,0.03,1.03
831,0.01,0.03,1.03
832,0.01,0.03,1.03
833,0.01,0.03,1.03
834,0.01,0.03,1.03
835,0.01,0.03,1.03
836,0.01,0.03,1.03
837,0.01,0.03,1.02
838,0.01,0.03,1.02
839,0.01,0.03,1.02
840,0.01,0.03,1.02
841,0.01,0.03,1.03
842,0.01,0.03,1.03
843,0.01,0.03,1.03
844,0.01,0.03,1.03
845,0.01,0.03,1.03
846,0.01,0.03,1.03
847,0.01,0.03,1.03
848,0.01,0.03,1.04
849,0.01,0.03,1.04
850,0.01,0.03,1.04
851,0.01,0.03,1.03
852,0.01,0.03,1.03
853,0.01,0.03,1.03
854,0.01,0.03,1.02
855,0.01,0.03,1.02
856,0.01,0.03,1.02
857,0.01,0.03,1.02
858,0.01,0.03,1.01
859,0.01,0.03,1.01
860,0.01,0.03,1.01
861,0.01,0.03,1.01
862,0.00,0.04,1.01
863,0.00,0.04,1.01
864,0.00,0.04,1.01
865,0.00,0.04,1.02
866,0.00,0.04,1.02
867,0.00,0.04,1.02
868,0.00,0.04,1.01
869,0.01,0.04,1.01
870,0.01,0.04,1.01
871,0.01,0.04,1.01
872,0.01,0.04,1.01
873,0.01,0.04,1.01
874,0.01,0.04,1.01
875,0.01,0.04,1.00
876,0.01,0.04,1.00
877,0.01,0.04,1.00
878,0.01,0.04,1.00
879,0.01,0.04,1.01
880,0.01,0.04,1.01
881,0.01,0.04,1.01
882,0.01,0.04,1.01
883,0.00,0.04,1.01
884,0.00,0.04,1.01
885,0.00,0.04,1.01
886,0.00,0.04,1.01
887,0.00,0.04,1.01
888,0.00,0.04,1.01
889,0.00,0.04,1.02
890,0.01,0.04,1.02
891,0.01,0.04,1.02
892,0.01,0.04,1.02
893,0.01,0.04,1.01
894,0.01,0.04,1.01
895,0.01,0.04,1.01
896,0.01,0.04,1.02
897,0.01,0.04,1.02
898,0.01,0.04,1.02
899,0.01,0.04,1.02
900,0.01,0.04,1.02
901,0.01,0.04,1.02
902,0.01,0.04,1.02
903,0.01,0.04,1.02
904,0.01,0.04,1.02
905,0.02,0.04,1.01
906,0.02,0.04,1.01
907,0.02,0.04,1.01
908,0.02,0.04,1.03
909,0.02,0.04,1.03
910,0.02,0.04,1.03
911,0.02,0.04,1.03
912,0.01,0.04,1.03
913,0.01,0.04,1.03
914,0.01,0.04,1.03
915,0.01,0.04,1.03
916,0.01,0.04,1.03
917,0.01,0.04,1.03
918,0.01,0.04,1.03
919,0.01,0.04,1.03
920,0.01,0.04,1.03
921,0.01,0.04,1.03
922,0.01,0.04,1.03
923,0.01,0.04,1.03
924,0.01,0.04,1.03
925,0.01,0.04,1.03
926,0.02,0.04,1.03
927,0.02,0.04,1.03
928,0.02,0.04,1.03
929,0.02,0.04,1.03
930,0.01,0.04,1.03
931,0.01,0.04,1.03
932,0.01,0.04,1.03
933,0.02,0.04,1.03
934,0.02,0.04,1.03
935,0.02,0.04,1.03
936,0.02,0.04,1.03
937,0.01,0.04,1.03
938,0.01,0.04,1.03
939,0.01,0.04,1.03
940,0.02,0.04,1.03
941,0.02,0.04,1.03
942,0.02,0.04,1.03
943,0.02,0.04,1.04
944,0.02,0.04,1.04
945,0.02,0.04,1.04
946,0.02,0.04,1.04
947,0.01,0.04,1.04
948,0.01,0.04,1.04
949,0.01,0.04,1.04
950,0.01,0.04,1.04
951,0.02,0.04,1.04
952,0.02,0.04,1.04
953,0.02,0.04,1.03
954,0.02,0.04,1.03
955,0.02,0.04,1.03
956,0.02,0.04,1.03
957,0.02,0.04,1.03
958,0.02,0.04,1.03
959,0.02,0.04,1.03
960,0.02,0.04,1.03
961,0.01,0.04,1.03
962,0.01,0.04,1.03
963,0.01,0.04,1.03
964,0.01,0.04,1.03
965,0.01,0.04,1.03
966,0.01,0.04,1.03
967,0.01,0.04,1.03
968,0.00,0.04,1.03
969,0.00,0.04,1.03
970,0.00,0.04,1.03
971,0.00,0.05,1.03
972,0.00,0.05,1.03
973,0.00,0.05,1.03
974,0.00,0.05,1.02
975,0.00,0.05,1.02
976,0.00,0.05,1.02
977,0.00,0.05,1.02
978,0.00,0.04,1.02
979,0.00,0.04,1.02
980,0.00,0.04,1.02
981,0.00,0.04,1.02
982,0.00,0.05,1.02
983,0.00,0.05,1.02
984,0.00,0.05,1.02
985,0.01,0.05,1.02
986,0.01,0.05,1.02
987,0.01,0.05,1.02
988,0.01,0.05,1.00
989,0.01,0.05,1.00
990,0.01,0.05,1.00
991,0.01,0.05,1.00
992,0.02,0.04,1.01
993,0.02,0.04,1.01
994,0.02,0.04,1.01
995,0.02,0.04,1.01
996,0.02,0.05,1.01
997,0.02,0.05,1.01
998,0.02,0.05,1.01
999,0.02,0.05,1.01
