0,0.01,0.00,1.03
1,-0.05,0.00,1.03
2,-0.05,0.00,1.03
3,-0.05,0.00,1.03
4,-0.05,-0.00,1.03
5,-0.05,-0.00,1.03
6,-0.05,-0.00,1.03
7,-0.05,-0.00,1.02
8,-0.05,0.01,1.02
9,-0.05,0.01,1.02
10,-0.05,0.01,1.02
11,-0.05,0.01,1.00
12,-0.05,0.01,1.00
13,-0.05,0.01,1.00
14,-0.05,0.01,1.01
15,-0.06,0.01,1.01
16,-0.06,0.01,1.01
17,-0.06,0.01,1.01
18,-0.05,0.01,1.01
19,-0.05,0.01,1.01
20,-0.05,0.01,1.01
21,-0.06,0.01,1.02
22,-0.06,0.01,1.02
23,-0.06,0.01,1.02
24,-0.06,0.01,1.02
25,-0.06,0.01,1.02
26,-0.06,0.01,1.02
27,-0.06,0.01,1.02
28,-0.05,0.00,1.02
29,-0.05,0.00,1.02
30,-0.05,0.00,1.02
31,-0.05,0.01,1.03
32,-0.06,0.01,1.03
33,-0.06,0.01,1.03
34,-0.06,0.01,1.02
35,-0.06,0.01,1.02
36,-0.06,0.01,1.02
37,-0.06,0.01,1.02
38,-0.06,0.01,1.02
39,-0.06,0.01,1.02
40,-0.06,0.01,1.02
41,-0.06,0.01,1.01
42,-0.06,0.01,1.01
43,-0.06,0.01,1.01
44,-0.06,0.01,1.02
45,-0.07,0.01,1.02
46,-0.07,0.01,1.02
47,-0.07,0.01,1.02
48,-0.07,0.01,1.02
49,-0.07,0.01,1.02
50,-0.07,0.01,1.02
51,-0.07,0.01,1.02
52,-0.07,0.01,1.02
53,-0.07,0.01,1.02
54,-0.07,0.01,1.02
55,-0.07,0.01,1.02
56,-0.07,0.01,1.02
57,-0.07,0.01,1.02
58,-0.07,0.01,1.02
59,-0.06,0.01,1.02
60,-0.06,0.01,1.02
61,-0.06,0.01,1.02
62,-0.06,0.01,1.02
63,-0.06,0.01,1.02
64,-0.06,0.01,1.02
65,-0.06,0.01,1.00
66,-0.06,0.01,1.00
67,-0.06,0.01,1.00
68,-0.06,0.01,1.02
69,-0.05,0.01,1.02
70,-0.05,0.01,1.02
71,-0.05,0.01,1.02
72,-0.06,0.01,1.02
73,-0.06,0.01,1.02
74,-0.06,0.01,1.02
75,-0.06,0.01,1.04
76,-0.06,0.01,1.04
77,-0.06,0.01,1.04
78,-0.06,-0.00,1.03
79,-0.06,-0.00,1.03
80,-0.06,-0.00,1.03
81,-0.06,-0.00,1.03
82,-0.06,0.00,1.03
83,-0.06,0.00,1.03
84,-0.06,0.00,1.03
85,-0.06,0.01,1.04
86,-0.06,0.01,1.04
87,-0.06,0.01,1.04
88,-0.06,0.01,1.04
89,-0.06,0.00,1.04
90,-0.06,0.00,1.04
91,-0.06,0.00,1.04
92,-0.06,0.00,1.04
93,-0.06,0.00,1.04
94,-0.06,0.00,1.04
95,-0.06,0.01,1.03
96,-0.06,0.01,1.03
97,-0.06,0.01,1.03
98,-0.06,0.01,1.02
99,-0.06,0.00,1.02
100,-0.02,-0.04,1.04
101,-0.02,-0.04,1.04
102,-0.02,-0.04,1.04
103,-0.02,-0.04,1.04
104,-0.02,-0.04,1.04
105,-0.02,-0.04,1.02
106,-0.02,-0.04,1.02
107,-0.02,-0.04,1.02
108,-0.02,-0.04,1.03
109,-0.02,-0.04,1.03
110,-0.02,-0.04,1.03
111,-0.02,-0.04,1.03
112,-0.02,-0.04,1.03
113,-0.02,-0.04,1.03
114,-0.02,-0.04,1.03
115,-0.02,-0.04,1.02
116,-0.03,-0.04,1.02
117,-0.03,-0.04,1.02
118,-0.03,-0.04,1.02
119,-0.03,-0.03,1.02
120,-0.03,-0.03,1.02
121,-0.03,-0.03,1.02
122,-0.04,-0.03,1.02
123,-0.04,-0.03,1.02
124,-0.04,-0.03,1.02
125,-0.04,-0.04,1.02
126,-0.03,-0.04,1.02
127,-0.03,-0.04,1.02
128,-0.03,-0.03,1.02
129,-0.02,-0.03,1.02
130,-0.02,-0.03,1.02
131,-0.02,-0.03,1.01
132,-0.02,-0.04,1.01
133,-0.02,-0.04,1.01
134,-0.02,-0.04,1.01
135,-0.01,-0.03,1.03
136,-0.01,-0.03,1.03
137,-0.01,-0.03,1.03
138,-0.01,-0.03,1.03
139,-0.02,-0.03,1.03
140,-0.02,-0.03,1.03
141,-0.02,-0.03,1.02
142,-0.02,-0.03,1.02
143,-0.02,-0.03,1.02
144,-0.02,-0.03,1.02
145,-0.03,-0.04,1.03
146,-0.03,-0.04,1.03
147,-0.03,-0.04,1.03
148,-0.03,-0.04,1.03
149,-0.02,-0.04,1.03
150,-0.02,-0.04,1.03
151,-0.02,-0.04,1.03
152,-0.01,-0.04,1.03
153,-0.01,-0.04,1.03
154,-0.01,-0.04,1.03
155,-0.00,-0.03,1.03
156,-0.00,-0.03,1.03
157,-0.00,-0.03,1.03
158,-0.01,-0.04,1.04
159,-0.01,-0.04,1.04
160,-0.01,-0.04,1.04
161,-0.01,-0.04,1.03
162,-0.01,-0.04,1.03
163,-0.01,-0.04,1.03
164,-0.01,-0.04,1.03
165,-0.00,-0.04,1.03
166,-0.00,-0.04,1.03
167,-0.00,-0.04,1.03
168,-0.00,-0.05,1.04
169,-0.00,-0.05,1.04
170,-0.00,-0.05,1.04
171,-0.00,-0.05,1.04
172,-0.00,-0.05,1.04
173,-0.00,-0.05,1.04
174,-0.00,-0.05,1.04
175,0.00,-0.05,1.04
176,0.00,-0.05,1.04
177,0.00,-0.05,1.05
178,0.00,-0.04,1.05
179,0.00,-0.04,1.05
180,0.00,-0.04,1.05
181,0.00,-0.04,1.05
182,0.00,-0.04,1.05
183,0.00,-0.04,1.05
184,0.00,-0.04,1.03
185,0.01,-0.04,1.03
186,0.01,-0.04,1.03
187,0.01,-0.04,1.03
188,0.01,-0.03,1.03
189,0.01,-0.03,1.03
190,0.01,-0.03,1.03
191,0.01,-0.03,1.02
192,0.01,-0.03,1.02
193,0.01,-0.03,1.02
194,0.01,-0.03,1.02
195,0.00,-0.02,1.02
196,0.00,-0.02,1.02
197,0.00,-0.02,1.02
198,0.00,-0.02,1.01
199,0.00,-0.02,1.01
200,0.04,-0.04,1.02
201,0.04,-0.04,1.02
202,0.04,-0.04,1.02
203,0.04,-0.04,1.02
204,0.04,-0.04,1.02
205,0.04,-0.04,1.02
206,0.04,-0.04,1.01
207,0.03,-0.04,1.01
208,0.03,-0.04,1.01
209,0.03,-0.04,1.01
210,0.03,-0.04,1.02
211,0.03,-0.04,1.02
212,0.03,-0.04,1.02
213,0.03,-0.05,1.01
214,0.02,-0.05,1.01
215,0.02,-0.05,1.01
216,0.02,-0.05,1.01
217,0.02,-0.05,1.01
218,0.02,-0.05,1.01
219,0.02,-0.05,1.01
220,0.01,-0.05,1.01
221,0.01,-0.05,1.01
222,0.01,-0.05,1.01
223,0.01,-0.06,1.00
224,0.01,-0.06,1.00
225,0.01,-0.06,1.00
226,0.01,-0.06,1.00
227,0.01,-0.05,1.00
228,0.01,-0.05,1.00
229,0.01,-0.05,1.00
230,0.01,-0.05,1.00
231,0.01,-0.05,1.00
232,0.01,-0.05,1.00
233,0.01,-0.05,1.00
234,0.01,-0.04,1.00
235,0.01,-0.04,1.00
236,0.01,-0.04,1.00
237,0.02,-0.05,1.00
238,0.02,-0.05,1.00
239,0.02,-0.05,1.00
240,0.02,-0.05,1.01
241,0.01,-0.05,1.01
242,0.01,-0.05,1.01
243,0.01,-0.05,1.01
244,0.00,-0.05,1.01
245,0.00,-0.05,1.01
246,0.00,-0.05,1.01
247,0.01,-0.05,1.01
248,0.01,-0.05,1.01
249,0.01,-0.05,1.01
250,0.01,-0.06,1.02
251,0.01,-0.06,1.02
252,0.01,-0.06,1.02
253,0.01,-0.06,1.02
254,0.01,-0.06,1.02
255,0.01,-0.06,1.02
256,0.01,-0.06,1.02
257,0.01,-0.06,1.02
258,0.01,-0.06,1.02
259,0.01,-0.06,1.02
260,0.01,-0.06,1.03
261,0.01,-0.06,1.03
262,0.01,-0.06,1.03
263,0.01,-0.06,1.03
264,0.00,-0.07,1.01
265,0.00,-0.07,1.01
266,0.00,-0.07,1.01
267,0.00,-0.07,1.02
268,0.01,-0.07,1.02
269,0.01,-0.07,1.02
270,0.01,-0.07,1.02
271,0.01,-0.07,1.02
272,0.01,-0.07,1.02
273,0.01,-0.07,1.02
274,0.01,-0.06,1.03
275,0.01,-0.06,1.03
276,0.01,-0.06,1.03
277,0.01,-0.06,1.03
278,0.01,-0.06,1.03
279,0.01,-0.06,1.03
280,0.01,-0.06,1.03
281,0.00,-0.06,1.03
282,0.00,-0.06,1.03
283,0.00,-0.06,1.03
284,0.00,-0.06,1.02
285,0.00,-0.06,1.02
286,0.00,-0.06,1.02
287,0.00,-0.06,1.03
288,0.00,-0.07,1.03
289,0.00,-0.07,1.03
290,0.00,-0.07,1.03
291,0.01,-0.07,1.02
292,0.01,-0.07,1.02
293,0.01,-0.07,1.02
294,0.01,-0.08,1.02
295,0.01,-0.08,1.02
296,0.01,-0.08,1.02
297,0.01,-0.08,1.03
298,0.01,-0.09,1.03
299,0.01,-0.09,1.03
300,0.01,-0.10,1.05
301,0.01,-0.10,1.05
302,0.01,-0.10,1.05
303,0.01,-0.10,1.05
304,0.01,-0.10,1.05
305,0.01,-0.10,1.05
306,0.01,-0.11,1.04
307,0.01,-0.11,1.04
308,0.01,-0.11,1.04
309,0.01,-0.12,1.04
310,0.01,-0.12,1.04
311,0.01,-0.12,1.04
312,0.01,-0.12,1.05
313,0.01,-0.12,1.05
314,0.01,-0.12,1.05
315,0.01,-0.12,1.05
316,0.00,-0.10,1.04
317,0.00,-0.10,1.04
318,0.00,-0.10,1.04
319,0.00,-0.09,1.05
320,0.01,-0.09,1.05
321,0.01,-0.09,1.05
322,0.01,-0.09,1.05
323,0.01,-0.09,1.04
324,0.01,-0.09,1.04
325,0.01,-0.09,1.04
326,0.01,-0.08,1.02
327,0.01,-0.08,1.02
328,0.01,-0.08,1.02
329,0.01,-0.08,1.01
330,0.01,-0.07,1.01
331,0.01,-0.07,1.01
332,0.01,-0.07,1.01
333,0.00,-0.07,1.01
334,0.00,-0.07,1.01
335,0.00,-0.07,1.01
336,0.00,-0.06,1.03
337,0.00,-0.06,1.03
338,0.00,-0.06,1.03
339,0.00,-0.06,1.03
340,0.00,-0.07,1.03
341,0.00,-0.07,1.03
342,0.00,-0.07,1.03
343,0.01,-0.07,1.03
344,0.01,-0.07,1.03
345,0.01,-0.07,1.03
346,0.01,-0.07,1.02
347,0.01,-0.07,1.02
348,0.01,-0.07,1.02
349,0.01,-0.07,1.02
350,0.01,-0.09,1.03
351,0.01,-0.09,1.03
352,0.01,-0.09,1.03
353,0.01,-0.09,1.03
354,0.00,-0.09,1.03
355,0.00,-0.09,1.03
356,0.00,-0.09,1.02
357,0.00,-0.09,1.02
358,0.00,-0.09,1.02
359,0.00,-0.09,1.02
360,-0.00,-0.09,1.04
361,-0.00,-0.09,1.04
362,-0.00,-0.09,1.04
363,-0.00,-0.08,1.02
364,-0.00,-0.08,1.02
365,-0.00,-0.08,1.02
366,-0.00,-0.08,1.01
367,0.00,-0.08,1.01
368,0.00,-0.08,1.01
369,0.00,-0.08,1.01
370,-0.00,-0.09,1.03
371,-0.00,-0.09,1.03
372,-0.00,-0.09,1.03
373,-0.00,-0.10,1.03
374,0.01,-0.10,1.03
375,0.01,-0.10,1.03
376,0.01,-0.10,1.03
377,0.01,-0.09,1.03
378,0.01,-0.09,1.03
379,0.01,-0.09,1.03
380,0.01,-0.09,1.03
381,0.01,-0.09,1.03
382,0.01,-0.09,1.03
383,0.01,-0.09,1.02
384,0.01,-0.09,1.02
385,0.01,-0.09,1.02
386,0.01,-0.09,1.03
387,0.01,-0.08,1.03
388,0.01,-0.08,1.03
389,0.01,-0.08,1.03
390,0.00,-0.08,1.04
391,0.00,-0.08,1.04
392,0.00,-0.08,1.04
393,0.00,-0.08,1.04
394,0.00,-0.08,1.04
395,0.00,-0.08,1.04
396,0.00,-0.08,1.04
397,0.00,-0.08,1.04
398,0.00,-0.08,1.04
399,0.00,-0.08,1.04
400,0.03,0.01,1.01
401,0.03,0.01,1.01
402,0.03,0.01,1.01
403,0.03,0.01,1.01
404,0.01,0.03,1.00
405,0.01,0.03,1.00
406,0.01,0.03,1.00
407,0.01,0.03,1.00
408,0.01,0.03,1.00
409,0.01,0.03,1.00
410,0.01,0.03,1.00
411,0.01,0.03,1.01
412,0.02,0.03,1.01
413,0.02,0.03,1.01
414,0.02,0.03,1.02
415,0.02,0.03,1.02
416,0.02,0.03,1.02
417,0.02,0.03,1.02
418,0.02,0.03,1.01
419,0.01,0.03,1.01
420,0.01,0.03,1.01
421,0.01,0.03,1.02
422,0.01,0.03,1.02
423,0.01,0.03,1.02
424,0.01,0.03,1.02
425,0.01,0.02,1.02
426,0.01,0.02,1.02
427,0.01,0.02,1.02
428,0.01,0.02,1.02
429,0.01,0.03,1.02
430,0.01,0.03,1.02
431,0.01,0.03,1.02
432,0.01,0.03,1.00
433,0.01,0.03,1.00
434,0.01,0.03,1.00
435,0.01,0.03,1.00
436,0.01,0.03,1.00
437,0.01,0.03,1.00
438,0.01,0.03,1.00
439,0.00,0.04,1.01
440,0.00,0.04,1.01
441,0.00,0.04,1.01
442,0.00,0.04,1.03
443,0.00,0.04,1.03
444,0.00,0.04,1.03
445,0.00,0.04,1.03
446,-0.00,0.04,1.03
447,-0.00,0.04,1.03
448,-0.00,0.04,1.03
449,-0.00,0.04,1.03
450,-0.00,0.04,1.03
451,-0.00,0.04,1.03
452,-0.00,0.04,1.02
453,-0.00,0.03,1.02
454,-0.00,0.03,1.02
455,-0.00,0.03,1.02
456,0.01,0.03,1.02
457,0.01,0.03,1.02
458,0.01,0.03,1.02
459,0.01,0.03,1.01
460,0.02,0.02,1.01
461,0.02,0.02,1.01
462,0.02,0.02,1.01
463,0.01,0.01,1.01
464,0.01,0.01,1.01
465,0.01,0.01,1.01
466,0.01,0.01,1.02
467,0.01,0.02,1.02
468,0.01,0.02,1.02
469,0.01,0.02,1.02
470,0.01,0.02,1.02
471,0.01,0.02,1.02
472,0.01,0.02,1.02
473,0.01,0.02,1.01
474,0.02,0.02,1.01
475,0.02,0.02,1.01
476,0.02,0.02,1.01
477,0.02,0.01,1.01
478,0.02,0.01,1.01
479,0.02,0.01,1.01
480,0.02,0.01,1.00
481,0.03,0.00,1.00
482,0.03,0.00,1.00
483,0.03,0.00,1.00
484,0.03,-0.01,1.00
485,0.03,-0.01,1.00
486,0.03,-0.01,1.00
487,0.03,-0.01,1.00
488,0.03,-0.01,1.00
489,0.03,-0.01,1.00
490,0.03,-0.01,1.00
491,0.02,-0.01,1.00
492,0.02,-0.01,1.00
493,0.02,-0.01,1.00
494,0.02,-0.00,0.99
495,0.02,-0.00,0.99
496,0.02,-0.00,0.99
497,0.02,-0.00,0.99
498,0.01,0.00,0.99
499,0.01,0.00,0.99
500,-0.05,0.02,1.03
501,-0.05,0.02,1.03
502,-0.05,0.02,1.03
503,-0.05,0.02,1.03
504,-0.05,0.02,1.03
505,-0.05,0.02,1.03
506,-0.05,0.02,1.02
507,-0.05,0.02,1.02
508,-0.05,0.02,1.02
509,-0.05,0.02,1.02
510,-0.05,0.03,1.03
511,-0.05,0.03,1.03
512,-0.05,0.03,1.03
513,-0.05,0.03,1.02
514,-0.05,0.03,1.02
515,-0.05,0.03,1.02
516,-0.05,0.03,1.02
517,-0.06,0.03,1.02
518,-0.06,0.03,1.02
519,-0.06,0.03,1.02
520,-0.06,0.03,1.03
521,-0.06,0.03,1.03
522,-0.06,0.03,1.03
523,-0.06,0.03,1.03
524,-0.06,0.03,1.03
525,-0.06,0.03,1.03
526,-0.06,0.03,1.03
527,-0.05,0.03,1.03
528,-0.05,0.03,1.03
529,-0.05,0.03,1.03
530,-0.05,0.03,1.02
531,-0.05,0.03,1.02
532,-0.05,0.03,1.02
533,-0.05,0.03,1.02
534,-0.05,0.02,1.01
535,-0.05,0.02,1.01
536,-0.05,0.02,1.01
537,-0.05,0.02,1.01
538,-0.05,0.02,1.01
539,-0.05,0.02,1.01
540,-0.05,0.02,1.01
541,-0.05,0.02,1.01
542,-0.05,0.02,1.01
543,-0.05,0.02,1.01
544,-0.05,0.02,1.01
545,-0.05,0.02,1.01
546,-0.05,0.02,1.01
547,-0.05,0.02,1.02
548,-0.06,0.02,1.02
549,-0.06,0.02,1.02
550,-0.06,0.02,1.02
551,-0.06,0.03,1.02
552,-0.06,0.03,1.02
553,-0.06,0.03,1.02
554,-0.06,0.04,1.02
555,-0.06,0.04,1.02
556,-0.06,0.04,1.02
557,-0.06,0.04,1.02
558,-0.06,0.04,1.02
559,-0.06,0.04,1.02
560,-0.06,0.04,1.02
561,-0.05,0.04,1.01
562,-0.05,0.04,1.01
563,-0.05,0.04,1.01
564,-0.05,0.03,1.02
565,-0.05,0.03,1.02
566,-0.05,0.03,1.02
567,-0.05,0.03,1.00
568,-0.05,0.03,1.00
569,-0.05,0.03,1.00
570,-0.05,0.03,1.00
571,-0.05,0.03,1.01
572,-0.05,0.03,1.01
573,-0.05,0.03,1.01
574,-0.05,0.03,1.01
575,-0.06,0.03,1.01
576,-0.06,0.03,1.01
577,-0.06,0.03,1.03
578,-0.05,0.03,1.03
579,-0.05,0.03,1.03
580,-0.05,0.03,1.03
581,-0.05,0.03,1.02
582,-0.05,0.03,1.02
583,-0.05,0.03,1.02
584,-0.05,0.02,1.03
585,-0.05,0.02,1.03
586,-0.05,0.02,1.03
587,-0.05,0.02,1.03
588,-0.05,0.02,1.03
589,-0.05,0.02,1.03
590,-0.05,0.02,1.03
591,-0.05,0.01,1.03
592,-0.05,0.01,1.03
593,-0.05,0.01,1.03
594,-0.05,0.01,1.03
595,-0.04,0.02,1.03
596,-0.04,0.02,1.03
597,-0.04,0.02,1.03
598,-0.04,0.02,1.01
599,-0.04,0.02,1.01
600,-0.05,-0.02,1.02
601,-0.05,-0.02,1.02
602,-0.05,-0.02,1.02
603,-0.05,-0.02,1.02
604,-0.05,-0.02,1.02
605,-0.05,-0.02,1.02
606,-0.05,-0.03,1.02
607,-0.05,-0.03,1.02
608,-0.05,-0.03,1.02
609,-0.05,-0.03,1.02
610,-0.05,-0.03,1.02
611,-0.05,-0.03,1.02
612,-0.05,-0.03,1.02
613,-0.05,-0.03,1.02
614,-0.05,-0.03,1.02
615,-0.05,-0.03,1.03
616,-0.06,-0.03,1.03
617,-0.06,-0.03,1.03
618,-0.06,-0.03,1.04
619,-0.07,-0.03,1.04
620,-0.07,-0.03,1.04
621,-0.07,-0.03,1.04
622,-0.07,-0.02,1.04
623,-0.07,-0.02,1.04
624,-0.07,-0.02,1.04
625,-0.07,-0.01,1.03
626,-0.07,-0.01,1.03
627,-0.07,-0.01,1.03
628,-0.07,-0.01,1.03
629,-0.07,-0.01,1.03
630,-0.07,-0.01,1.03
631,-0.07,-0.01,1.02
632,-0.06,-0.01,1.02
633,-0.06,-0.01,1.02
634,-0.06,-0.01,1.02
635,-0.06,0.00,1.01
636,-0.06,0.00,1.01
637,-0.06,0.00,1.01
638,-0.06,0.01,1.00
639,-0.05,0.01,1.00
640,-0.05,0.01,1.00
641,-0.05,0.01,1.00
642,-0.05,0.02,0.99
643,-0.05,0.02,0.99
644,-0.05,0.02,0.99
645,-0.05,0.03,0.98
646,-0.05,0.03,0.98
647,-0.05,0.03,0.98
648,-0.05,0.03,0.99
649,-0.05,0.02,0.99
650,-0.05,0.02,0.99
651,-0.05,0.02,0.99
652,-0.06,0.01,1.00
653,-0.06,0.01,1.00
654,-0.06,0.01,1.00
655,-0.06,-0.01,1.01
656,-0.06,-0.01,1.01
657,-0.06,-0.01,1.01
658,-0.06,-0.01,1.01
659,-0.06,-0.01,1.01
660,-0.06,-0.01,1.01
661,-0.06,-0.01,1.01
662,-0.07,-0.02,1.02
663,-0.07,-0.02,1.02
664,-0.07,-0.02,1.02
665,-0.07,-0.02,1.03
666,-0.08,-0.02,1.03
667,-0.08,-0.02,1.03
668,-0.08,-0.03,1.04
669,-0.07,-0.03,1.04
670,-0.07,-0.03,1.04
671,-0.07,-0.03,1.04
672,-0.08,-0.03,1.04
673,-0.08,-0.03,1.04
674,-0.08,-0.03,1.04
675,-0.08,-0.02,1.04
676,-0.08,-0.02,1.04
677,-0.08,-0.02,1.04
678,-0.08,-0.02,1.02
679,-0.08,-0.02,1.02
680,-0.08,-0.02,1.02
681,-0.08,-0.02,1.03
682,-0.08,-0.02,1.03
683,-0.08,-0.02,1.03
684,-0.08,-0.02,1.03
685,-0.08,-0.01,1.02
686,-0.08,-0.01,1.02
687,-0.08,-0.01,1.02
688,-0.08,-0.01,1.02
689,-0.08,-0.01,1.02
690,-0.08,-0.01,1.02
691,-0.08,-0.01,1.02
692,-0.07,-0.01,1.02
693,-0.07,-0.01,1.02
694,-0.07,-0.01,1.02
695,-0.08,-0.02,1.02
696,-0.08,-0.02,1.02
697,-0.08,-0.02,1.02
698,-0.09,-0.02,1.03
699,-0.09,-0.02,1.03
700,-0.11,-0.05,1.04
701,-0.11,-0.05,1.04
702,-0.11,-0.05,1.04
703,-0.11,-0.05,1.04
704,-0.11,-0.05,1.04
705,-0.11,-0.05,1.05
706,-0.11,-0.05,1.05
707,-0.11,-0.05,1.05
708,-0.11,-0.05,1.05
709,-0.10,-0.04,1.04
710,-0.10,-0.04,1.04
711,-0.10,-0.04,1.04
712,-0.10,-0.04,1.04
713,-0.10,-0.04,1.04
714,-0.10,-0.04,1.04
715,-0.10,-0.03,1.03
716,-0.09,-0.03,1.03
717,-0.09,-0.03,1.03
718,-0.09,-0.03,1.02
719,-0.09,-0.03,1.02
720,-0.09,-0.03,1.02
721,-0.09,-0.03,1.02
722,-0.08,-0.03,1.02
723,-0.08,-0.03,1.02
724,-0.08,-0.03,1.02
725,-0.08,-0.02,1.01
726,-0.07,-0.02,1.01
727,-0.07,-0.02,1.01
728,-0.07,-0.02,1.01
729,-0.07,-0.03,1.01
730,-0.07,-0.03,1.01
731,-0.07,-0.03,1.01
732,-0.07,-0.03,1.01
733,-0.07,-0.03,1.01
734,-0.07,-0.03,1.01
735,-0.07,-0.03,1.01
736,-0.07,-0.03,1.01
737,-0.07,-0.03,1.01
738,-0.07,-0.04,1.01
739,-0.07,-0.04,1.01
740,-0.07,-0.04,1.01
741,-0.07,-0.04,1.01
742,-0.06,-0.03,1.01
743,-0.06,-0.03,1.01
744,-0.06,-0.03,1.01
745,-0.06,-0.03,1.00
746,-0.06,-0.03,1.00
747,-0.06,-0.03,1.00
748,-0.06,-0.03,0.99
749,-0.07,-0.03,0.99
750,-0.07,-0.03,0.99
751,-0.07,-0.03,1.00
752,-0.07,-0.03,1.00
753,-0.07,-0.03,1.00
754,-0.07,-0.03,1.01
755,-0.07,-0.03,1.01
756,-0.07,-0.03,1.01
757,-0.07,-0.03,1.01
758,-0.07,-0.03,1.01
759,-0.07,-0.03,1.01
760,-0.07,-0.03,1.01
761,-0.07,-0.03,1.01
762,-0.08,-0.03,1.01
763,-0.08,-0.03,1.01
764,-0.08,-0.03,1.01
765,-0.09,-0.03,1.01
766,-0.09,-0.03,1.01
767,-0.09,-0.03,1.01
768,-0.08,-0.04,1.02
769,-0.08,-0.04,1.02
770,-0.08,-0.04,1.02
771,-0.08,-0.03,1.03
772,-0.08,-0.03,1.03
773,-0.08,-0.03,1.03
774,-0.08,-0.04,1.03
775,-0.08,-0.04,1.03
776,-0.08,-0.04,1.03
777,-0.08,-0.04,1.03
778,-0.08,-0.04,1.03
779,-0.08,-0.04,1.03
780,-0.08,-0.04,1.03
781,-0.08,-0.04,1.02
782,-0.08,-0.04,1.02
783,-0.08,-0.04,1.02
784,-0.08,-0.04,1.02
785,-0.08,-0.04,1.02
786,-0.08,-0.04,1.02
787,-0.08,-0.04,1.03
788,-0.08,-0.03,1.03
789,-0.08,-0.03,1.03
790,-0.08,-0.03,1.03
791,-0.09,-0.03,1.03
792,-0.09,-0.03,1.03
793,-0.09,-0.03,1.03
794,-0.09,-0.03,1.03
795,-0.09,-0.03,1.03
796,-0.09,-0.03,1.03
797,-0.09,-0.03,1.02
798,-0.09,-0.03,1.02
799,-0.09,-0.03,1.02
800,-0.05,-0.09,1.01
801,-0.07,-0.10,1.02
802,-0.07,-0.10,1.02
803,-0.07,-0.10,1.02
804,-0.07,-0.10,1.02
805,-0.07,-0.10,1.02
806,-0.07,-0.10,1.02
807,-0.07,-0.10,1.03
808,-0.07,-0.10,1.03
809,-0.07,-0.10,1.03
810,-0.07,-0.11,1.03
811,-0.07,-0.11,1.03
812,-0.07,-0.11,1.03
813,-0.07,-0.11,1.03
814,-0.07,-0.11,1.03
815,-0.07,-0.11,1.03
816,-0.07,-0.11,1.03
817,-0.07,-0.11,1.03
818,-0.07,-0.11,1.03
819,-0.07,-0.11,1.03
820,-0.07,-0.10,1.01
821,-0.06,-0.10,1.01
822,-0.06,-0.10,1.01
823,-0.06,-0.10,1.01
824,-0.06,-0.10,1.01
825,-0.06,-0.10,1.01
826,-0.06,-0.10,1.01
827,-0.06,-0.11,1.01
828,-0.06,-0.11,1.01
829,-0.06,-0.11,1.01
830,-0.05,-0.11,1.02
831,-0.05,-0.11,1.02
832,-0.05,-0.11,1.02
833,-0.05,-0.10,1.00
834,-0.05,-0.10,1.00
835,-0.05,-0.10,1.00
836,-0.05,-0.10,0.99
837,-0.06,-0.10,0.99
838,-0.06,-0.10,0.99
839,-0.06,-0.10,0.99
840,-0.05,-0.10,1.00
841,-0.05,-0.10,1.00
842,-0.05,-0.10,1.00
843,-0.05,-0.11,1.00
844,-0.05,-0.11,1.00
845,-0.05,-0.11,1.00
846,-0.05,-0.11,1.01
847,-0.05,-0.11,1.01
848,-0.05,-0.11,1.01
849,-0.05,-0.11,1.01
850,-0.06,-0.11,1.01
851,-0.06,-0.11,1.01
852,-0.06,-0.11,1.01
853,-0.07,-0.11,1.02
854,-0.07,-0.11,1.02
855,-0.07,-0.11,1.02
856,-0.07,-0.11,1.02
857,-0.07,-0.11,1.02
858,-0.07,-0.11,1.02
859,-0.07,-0.11,1.02
860,-0.07,-0.11,1.02
861,-0.07,-0.11,1.02
862,-0.07,-0.11,1.02
863,-0.07,-0.11,1.01
864,-0.07,-0.11,1.01
865,-0.07,-0.11,1.01
866,-0.07,-0.11,1.02
867,-0.07,-0.11,1.02
868,-0.07,-0.11,1.02
869,-0.07,-0.11,1.02
870,-0.07,-0.11,1.02
871,-0.07,-0.11,1.02
872,-0.07,-0.11,1.02
873,-0.07,-0.11,1.02
874,-0.07,-0.11,1.02
875,-0.07,-0.11,1.02
876,-0.08,-0.12,1.02
877,-0.08,-0.12,1.02
878,-0.08,-0.12,1.02
879,-0.08,-0.11,1.02
880,-0.07,-0.11,1.02
881,-0.07,-0.11,1.02
882,-0.07,-0.11,1.02
883,-0.08,-0.11,1.02
884,-0.08,-0.11,1.02
885,-0.08,-0.11,1.02
886,-0.07,-0.10,1.02
887,-0.07,-0.10,1.02
888,-0.07,-0.10,1.02
889,-0.06,-0.09,1.00
890,-0.06,-0.09,1.00
891,-0.06,-0.09,1.00
892,-0.06,-0.10,1.00
893,-0.06,-0.10,1.00
894,-0.06,-0.10,1.00
895,-0.06,-0.10,1.00
896,-0.05,-0.10,1.00
897,-0.05,-0.10,1.00
898,-0.05,-0.10,1.00
899,-0.05,-0.11,1.00
900,-0.04,-0.06,0.99
901,-0.04,-0.06,0.99
902,-0.04,-0.06,0.99
903,-0.04,-0.06,0.99
904,-0.04,-0.06,0.99
905,-0.04,-0.06,1.00
906,-0.04,-0.06,1.00
907,-0.04,-0.06,1.00
908,-0.04,-0.06,1.00
909,-0.05,-0.06,1.00
910,-0.05,-0.06,1.00
911,-0.05,-0.06,1.00
912,-0.05,-0.07,1.00
913,-0.05,-0.07,1.00
914,-0.05,-0.07,1.00
915,-0.05,-0.07,1.00
916,-0.05,-0.07,1.00
917,-0.05,-0.07,1.00
918,-0.05,-0.07,1.00
919,-0.04,-0.08,1.00
920,-0.04,-0.08,1.00
921,-0.04,-0.08,1.00
922,-0.04,-0.07,1.00
923,-0.04,-0.07,1.00
924,-0.04,-0.07,1.00
925,-0.04,-0.07,1.00
926,-0.05,-0.07,1.00
927,-0.05,-0.07,1.00
928,-0.05,-0.07,1.00
929,-0.05,-0.07,1.00
930,-0.05,-0.07,1.00
931,-0.05,-0.07,1.00
932,-0.06,-0.05,1.01
933,-0.06,-0.05,1.01
934,-0.06,-0.05,1.01
935,-0.06,-0.05,1.01
936,-0.06,-0.05,1.01
937,-0.06,-0.05,1.01
938,-0.06,-0.05,1.01
939,-0.06,-0.05,1.01
940,-0.06,-0.05,1.01
941,-0.06,-0.05,1.01
942,-0.07,-0.07,1.01
943,-0.07,-0.07,1.01
944,-0.07,-0.07,1.01
945,-0.07,-0.07,1.02
946,-0.07,-0.07,1.02
947,-0.07,-0.07,1.02
948,-0.07,-0.07,1.03
949,-0.08,-0.07,1.03
950,-0.08,-0.07,1.03
951,-0.08,-0.07,1.04
952,-0.11,-0.07,1.04
953,-0.11,-0.07,1.04
954,-0.11,-0.07,1.04
955,-0.11,-0.08,1.04
956,-0.11,-0.08,1.04
957,-0.11,-0.08,1.04
958,-0.11,-0.09,1.04
959,-0.11,-0.09,1.04
960,-0.11,-0.09,1.04
961,-0.11,-0.09,1.04
962,-0.10,-0.08,1.04
963,-0.10,-0.08,1.04
964,-0.10,-0.08,1.04
965,-0.09,-0.08,1.05
966,-0.09,-0.08,1.05
967,-0.09,-0.08,1.05
968,-0.10,-0.09,1.05
969,-0.10,-0.09,1.05
970,-0.10,-0.09,1.05
971,-0.10,-0.09,1.04
972,-0.09,-0.09,1.04
973,-0.09,-0.09,1.04
974,-0.09,-0.09,1.04
975,-0.08,-0.10,1.04
976,-0.08,-0.10,1.04
977,-0.08,-0.10,1.04
978,-0.08,-0.10,1.04
979,-0.08,-0.10,1.04
980,-0.08,-0.10,1.04
981,-0.08,-0.11,1.04
982,-0.07,-0.11,1.04
983,-0.07,-0.11,1.04
984,-0.07,-0.11,1.03
985,-0.06,-0.10,1.03
986,-0.06,-0.10,1.03
987,-0.06,-0.10,1.03
988,-0.06,-0.10,1.03
989,-0.06,-0.10,1.03
990,-0.06,-0.10,1.03
991,-0.05,-0.09,1.02
992,-0.05,-0.09,1.02
993,-0.05,-0.09,1.02
994,-0.05,-0.09,1.02
995,-0.05,-0.09,1.02
996,-0.05,-0.09,1.02
997,-0.05,-0.09,1.02
998,-0.05,-0.10,1.02
999,-0.05,-0.10,1.02
