0,-0.04,-0.09,1.02
1,-0.03,-0.09,1.02
2,-0.03,-0.09,1.02
3,-0.03,-0.09,1.02
4,-0.03,-0.09,1.02
5,-0.03,-0.09,1.02
6,-0.03,-0.09,1.02
7,-0.04,-0.09,1.02
8,-0.04,-0.09,1.02
9,-0.04,-0.09,1.02
10,-0.04,-0.09,1.02
11,-0.04,-0.09,1.02
12,-0.04,-0.09,1.02
13,-0.04,-0.08,1.02
14,-0.03,-0.08,1.02
15,-0.03,-0.08,1.02
16,-0.03,-0.08,1.03
17,-0.03,-0.08,1.03
18,-0.03,-0.08,1.03
19,-0.03,-0.08,1.03
20,-0.03,-0.08,1.03
21,-0.03,-0.08,1.03
22,-0.03,-0.08,1.03
23,-0.03,-0.08,1.03
24,-0.03,-0.08,1.03
25,-0.03,-0.08,1.03
26,-0.03,-0.08,1.04
27,-0.04,-0.08,1.04
28,-0.04,-0.08,1.04
29,-0.04,-0.08,1.04
30,-0.03,-0.08,1.04
31,-0.03,-0.08,1.04
32,-0.03,-0.08,1.04
33,-0.02,-0.08,1.03
34,-0.02,-0.08,1.03
35,-0.02,-0.08,1.03
36,-0.02,-0.08,1.02
37,-0.02,-0.08,1.02
38,-0.02,-0.08,1.02
39,-0.02,-0.08,1.02
40,-0.02,-0.08,1.02
41,-0.02,-0.08,1.02
42,-0.02,-0.08,1.02
43,-0.02,-0.08,1.02
44,-0.02,-0.08,1.02
45,-0.02,-0.08,1.02
46,-0.02,-0.08,1.02
47,-0.02,-0.08,1.02
48,-0.02,-0.08,1.02
49,-0.02,-0.08,1.03
50,-0.02,-0.08,1.03
51,-0.02,-0.08,1.03
52,-0.02,-0.08,1.04
53,-0.02,-0.08,1.04
54,-0.02,-0.08,1.04
55,-0.02,-0.08,1.04
56,-0.02,-0.08,1.04
57,-0.02,-0.08,1.04
58,-0.02,-0.08,1.04
59,-0.02,-0.08,1.04
60,-0.02,-0.08,1.04
61,-0.02,-0.08,1.04
62,-0.02,-0.08,1.03
63,-0.02,-0.08,1.03
64,-0.02,-0.08,1.03
65,-0.02,-0.08,1.03
66,-0.02,-0.09,1.02
67,-0.02,-0.09,1.02
68,-0.02,-0.09,1.02
69,-0.02,-0.09,1.03
70,-0.02,-0.09,1.03
71,-0.02,-0.09,1.03
72,-0.02,-0.08,1.03
73,-0.02,-0.08,1.03
74,-0.02,-0.08,1.03
75,-0.02,-0.08,1.03
76,-0.02,-0.09,1.03
77,-0.02,-0.09,1.03
78,-0.02,-0.09,1.03
79,-0.02,-0.08,1.02
80,-0.02,-0.08,1.02
81,-0.02,-0.08,1.02
82,-0.02,-0.08,1.02
83,-0.02,-0.08,1.02
84,-0.02,-0.08,1.02
85,-0.02,-0.08,1.01
86,-0.02,-0.08,1.01
87,-0.02,-0.08,1.01
88,-0.02,-0.08,1.01
89,-0.02,-0.09,1.01
90,-0.02,-0.09,1.01
91,-0.02,-0.09,1.01
92,-0.02,-0.08,1.03
93,-0.02,-0.08,1.03
94,-0.02,-0.08,1.03
95,-0.02,-0.08,1.02
96,-0.02,-0.08,1.02
97,-0.02,-0.08,1.02
98,-0.02,-0.08,1.03
99,-0.02,-0.08,1.03
100,-0.03,-0.07,1.00
101,-0.03,-0.07,1.00
102,-0.03,-0.07,1.00
103,-0.03,-0.07,1.00
104,-0.03,-0.07,1.00
105,-0.03,-0.07,1.00
106,-0.03,-0.07,0.99
107,-0.03,-0.07,0.99
108,-0.03,-0.07,0.99
109,-0.03,-0.06,0.99
110,-0.02,-0.06,0.99
111,-0.02,-0.06,0.99
112,-0.02,-0.06,0.98
113,-0.02,-0.06,0.98
114,-0.02,-0.06,0.98
115,-0.02,-0.06,0.98
116,-0.02,-0.06,0.98
117,-0.02,-0.06,0.98
118,-0.02,-0.06,0.98
119,-0.02,-0.06,0.99
120,-0.02,-0.06,0.99
121,-0.02,-0.06,0.99
122,-0.02,-0.06,0.99
123,-0.03,-0.06,0.99
124,-0.03,-0.06,0.99
125,-0.03,-0.06,0.99
126,-0.02,-0.05,1.01
127,-0.02,-0.05,1.01
128,-0.02,-0.05,1.01
129,-0.02,-0.05,1.01
130,-0.02,-0.05,1.01
131,-0.02,-0.05,1.01
132,-0.02,-0.05,1.02
133,-0.01,-0.05,1.02
134,-0.01,-0.05,1.02
135,-0.01,-0.05,1.02
136,-0.02,-0.05,1.02
137,-0.02,-0.05,1.02
138,-0.02,-0.05,1.02
139,-0.01,-0.06,1.03
140,-0.01,-0.06,1.03
141,-0.01,-0.06,1.03
142,-0.01,-0.06,1.03
143,-0.01,-0.06,1.03
144,-0.01,-0.06,1.03
145,-0.01,-0.06,1.02
146,-0.01,-0.06,1.02
147,-0.01,-0.06,1.02
148,-0.01,-0.06,1.02
149,-0.02,-0.06,1.02
150,-0.02,-0.06,1.02
151,-0.02,-0.06,1.02
152,-0.02,-0.06,1.02
153,-0.02,-0.06,1.02
154,-0.02,-0.06,1.02
155,-0.02,-0.05,1.03
156,-0.02,-0.05,1.03
157,-0.02,-0.05,1.03
158,-0.02,-0.05,1.02
159,-0.03,-0.05,1.02
160,-0.03,-0.05,1.02
161,-0.03,-0.05,1.02
162,-0.03,-0.05,1.01
163,-0.03,-0.05,1.01
164,-0.03,-0.05,1.01
165,-0.03,-0.05,1.02
166,-0.04,-0.05,1.02
167,-0.04,-0.05,1.02
168,-0.04,-0.05,1.02
169,-0.04,-0.05,1.02
170,-0.04,-0.05,1.02
171,-0.04,-0.05,1.02
172,-0.04,-0.05,1.02
173,-0.04,-0.05,1.02
174,-0.04,-0.05,1.02
175,-0.03,-0.06,1.03
176,-0.03,-0.06,1.03
177,-0.03,-0.06,1.03
178,-0.03,-0.07,1.03
179,-0.03,-0.07,1.03
180,-0.03,-0.07,1.03
181,-0.03,-0.07,1.03
182,-0.02,-0.07,1.03
183,-0.02,-0.07,1.03
184,-0.02,-0.07,1.03
185,-0.02,-0.07,1.03
186,-0.02,-0.07,1.03
187,-0.02,-0.07,1.03
188,-0.03,-0.07,1.04
189,-0.03,-0.07,1.04
190,-0.03,-0.07,1.04
191,-0.03,-0.07,1.04
192,-0.02,-0.07,1.04
193,-0.02,-0.07,1.04
194,-0.02,-0.07,1.04
195,-0.02,-0.07,1.04
196,-0.02,-0.07,1.04
197,-0.02,-0.07,1.04
198,-0.02,-0.06,1.04
199,-0.02,-0.06,1.04
200,-0.02,-0.03,1.01
201,-0.02,-0.03,1.01
202,-0.02,-0.03,1.01
203,-0.02,-0.03,1.01
204,-0.02,-0.03,1.01
205,-0.02,-0.03,1.00
206,-0.02,-0.03,1.00
207,-0.02,-0.03,1.00
208,-0.02,-0.03,1.00
209,-0.02,-0.04,1.01
210,-0.02,-0.04,1.01
211,-0.02,-0.04,1.01
212,-0.02,-0.05,1.02
213,-0.02,-0.05,1.02
214,-0.02,-0.05,1.02
215,-0.02,-0.05,1.03
216,-0.03,-0.05,1.03
217,-0.03,-0.05,1.03
218,-0.03,-0.05,1.03
219,-0.03,-0.06,1.03
220,-0.03,-0.06,1.03
221,-0.03,-0.06,1.03
222,-0.03,-0.06,1.03
223,-0.03,-0.06,1.03
224,-0.03,-0.06,1.03
225,-0.03,-0.06,1.04
226,-0.03,-0.06,1.04
227,-0.03,-0.06,1.04
228,-0.03,-0.06,1.04
229,-0.03,-0.06,1.04
230,-0.03,-0.06,1.04
231,-0.03,-0.06,1.05
232,-0.02,-0.06,1.05
233,-0.02,-0.06,1.05
234,-0.02,-0.06,1.05
235,-0.02,-0.06,1.04
236,-0.02,-0.06,1.04
237,-0.02,-0.06,1.04
238,-0.02,-0.05,1.03
239,-0.03,-0.05,1.03
240,-0.03,-0.05,1.03
241,-0.03,-0.05,1.02
242,-0.02,-0.06,1.02
243,-0.02,-0.06,1.02
244,-0.02,-0.06,1.02
245,-0.02,-0.05,1.00
246,-0.02,-0.05,1.00
247,-0.02,-0.05,1.00
248,-0.02,-0.05,0.99
249,-0.03,-0.05,0.99
250,-0.03,-0.05,0.99
251,-0.03,-0.05,0.99
252,-0.03,-0.05,0.99
253,-0.03,-0.05,0.99
254,-0.03,-0.05,0.98
255,-0.02,-0.05,0.98
256,-0.02,-0.05,0.98
257,-0.02,-0.05,0.98
258,-0.03,-0.06,0.98
259,-0.03,-0.06,0.98
260,-0.03,-0.06,0.98
261,-0.03,-0.07,0.99
262,-0.03,-0.07,0.99
263,-0.03,-0.07,0.99
264,-0.03,-0.07,0.99
265,-0.03,-0.09,0.99
266,-0.03,-0.09,0.99
267,-0.03,-0.09,0.99
268,-0.04,-0.09,1.00
269,-0.04,-0.09,1.00
270,-0.04,-0.09,1.00
271,-0.04,-0.10,1.00
272,-0.04,-0.10,1.00
273,-0.04,-0.10,1.00
274,-0.04,-0.10,1.01
275,-0.05,-0.10,1.01
276,-0.05,-0.10,1.01
277,-0.05,-0.10,1.01
278,-0.05,-0.10,1.01
279,-0.05,-0.10,1.01
280,-0.05,-0.10,1.01
281,-0.05,-0.10,1.01
282,-0.05,-0.10,1.01
283,-0.05,-0.10,1.01
284,-0.05,-0.11,1.00
285,-0.05,-0.11,1.00
286,-0.05,-0.11,1.00
287,-0.05,-0.11,0.99
288,-0.06,-0.11,0.99
289,-0.06,-0.11,0.99
290,-0.06,-0.11,0.99
291,-0.06,-0.11,1.00
292,-0.06,-0.11,1.00
293,-0.06,-0.11,1.00
294,-0.06,-0.10,1.02
295,-0.06,-0.10,1.02
296,-0.06,-0.10,1.02
297,-0.06,-0.10,1.03
298,-0.05,-0.10,1.03
299,-0.05,-0.10,1.03
300,0.01,-0.11,1.05
301,0.01,-0.11,1.05
302,0.01,-0.11,1.05
303,0.01,-0.11,1.05
304,0.01,-0.11,1.05
305,0.00,-0.11,1.05
306,0.00,-0.11,1.05
307,0.00,-0.11,1.05
308,0.00,-0.10,1.04
309,0.00,-0.10,1.04
310,0.00,-0.10,1.04
311,0.00,-0.10,1.04
312,0.00,-0.09,1.04
313,0.00,-0.09,1.04
314,0.00,-0.09,1.04
315,0.00,-0.07,1.03
316,0.00,-0.07,1.03
317,0.00,-0.07,1.03
318,0.00,-0.07,1.04
319,0.00,-0.06,1.04
320,0.00,-0.06,1.04
321,0.00,-0.06,1.04
322,0.01,-0.05,1.02
323,0.01,-0.05,1.02
324,0.01,-0.05,1.02
325,0.01,-0.04,1.02
326,0.01,-0.04,1.02
327,0.01,-0.04,1.02
328,0.01,-0.04,1.04
329,0.01,-0.03,1.04
330,0.01,-0.03,1.04
331,0.01,-0.03,1.04
332,0.01,-0.03,1.03
333,0.01,-0.03,1.03
334,0.01,-0.03,1.03
335,0.01,-0.03,1.04
336,0.01,-0.03,1.04
337,0.01,-0.03,1.04
338,0.01,-0.03,1.04
339,0.01,-0.04,1.04
340,0.01,-0.04,1.04
341,0.01,-0.04,1.04
342,0.01,-0.06,1.05
343,0.00,-0.06,1.05
344,0.00,-0.06,1.05
345,0.00,-0.06,1.06
346,0.01,-0.07,1.06
347,0.01,-0.07,1.06
348,0.01,-0.07,1.06
349,0.01,-0.06,1.05
350,0.01,-0.06,1.05
351,0.01,-0.06,1.05
352,0.01,-0.07,1.03
353,0.02,-0.07,1.03
354,0.02,-0.07,1.03
355,0.02,-0.07,1.04
356,0.02,-0.06,1.04
357,0.02,-0.06,1.04
358,0.02,-0.06,1.04
359,0.02,-0.06,1.02
360,0.02,-0.06,1.02
361,0.02,-0.06,1.02
362,0.02,-0.06,1.01
363,0.02,-0.05,1.01
364,0.02,-0.05,1.01
365,0.02,-0.05,1.01
366,0.02,-0.04,1.00
367,0.02,-0.04,1.00
368,0.02,-0.04,1.00
369,0.02,-0.03,1.00
370,0.02,-0.03,1.00
371,0.02,-0.03,1.00
372,0.02,-0.03,1.00
373,0.01,-0.02,1.00
374,0.01,-0.02,1.00
375,0.01,-0.02,1.00
376,0.01,-0.02,1.00
377,0.01,-0.02,1.00
378,0.01,-0.02,1.00
379,0.01,-0.03,0.99
380,0.01,-0.03,0.99
381,0.01,-0.03,0.99
382,0.01,-0.03,0.99
383,0.00,-0.02,0.99
384,0.00,-0.02,0.99
385,0.00,-0.02,0.99
386,0.00,-0.03,0.98
387,0.00,-0.03,0.98
388,0.00,-0.03,0.98
389,0.00,-0.03,0.98
390,0.00,-0.03,0.98
391,0.00,-0.03,0.98
392,0.00,-0.03,0.98
393,-0.00,-0.04,0.99
394,-0.00,-0.04,0.99
395,-0.00,-0.04,0.99
396,-0.01,-0.05,1.00
397,-0.01,-0.05,1.00
398,-0.01,-0.05,1.00
399,-0.01,-0.06,1.02
400,-0.01,-0.06,1.06
401,-0.03,-0.06,1.06
402,-0.03,-0.06,1.06
403,-0.03,-0.06,1.06
404,-0.03,-0.07,1.06
405,-0.03,-0.07,1.06
406,-0.03,-0.07,1.06
407,-0.03,-0.07,1.06
408,-0.03,-0.07,1.06
409,-0.03,-0.07,1.06
410,-0.03,-0.07,1.06
411,-0.04,-0.08,1.05
412,-0.04,-0.08,1.05
413,-0.04,-0.08,1.05
414,-0.04,-0.07,1.06
415,-0.04,-0.07,1.06
416,-0.04,-0.07,1.06
417,-0.04,-0.06,1.04
418,-0.04,-0.06,1.04
419,-0.04,-0.06,1.04
420,-0.04,-0.06,1.03
421,-0.05,-0.05,1.03
422,-0.05,-0.05,1.03
423,-0.05,-0.05,1.03
424,-0.05,-0.04,1.01
425,-0.05,-0.04,1.01
426,-0.05,-0.04,1.01
427,-0.05,-0.04,1.01
428,-0.05,-0.04,1.01
429,-0.05,-0.04,1.01
430,-0.05,-0.04,1.00
431,-0.05,-0.04,1.00
432,-0.05,-0.04,1.00
433,-0.05,-0.04,1.00
434,-0.05,-0.05,1.00
435,-0.05,-0.05,1.00
436,-0.05,-0.05,1.00
437,-0.05,-0.05,1.01
438,-0.05,-0.05,1.01
439,-0.05,-0.05,1.01
440,-0.05,-0.06,1.01
441,-0.03,-0.06,1.01
442,-0.03,-0.06,1.01
443,-0.03,-0.06,1.01
444,-0.02,-0.07,1.01
445,-0.02,-0.07,1.01
446,-0.02,-0.07,1.01
447,-0.02,-0.07,1.01
448,-0.02,-0.07,1.01
449,-0.02,-0.07,1.01
450,-0.02,-0.07,1.02
451,-0.01,-0.07,1.02
452,-0.01,-0.07,1.02
453,-0.01,-0.07,1.03
454,-0.01,-0.07,1.03
455,-0.01,-0.07,1.03
456,-0.01,-0.07,1.03
457,-0.01,-0.07,1.04
458,-0.01,-0.07,1.04
459,-0.01,-0.07,1.04
460,-0.01,-0.07,1.04
461,-0.01,-0.07,1.04
462,-0.01,-0.07,1.04
463,-0.01,-0.07,1.04
464,-0.01,-0.07,1.04
465,-0.01,-0.07,1.04
466,-0.01,-0.07,1.04
467,-0.01,-0.07,1.04
468,-0.01,-0.07,1.04
469,-0.01,-0.07,1.04
470,-0.01,-0.07,1.04
471,-0.01,-0.07,1.04
472,-0.01,-0.07,1.04
473,-0.01,-0.07,1.04
474,-0.02,-0.07,1.04
475,-0.02,-0.07,1.04
476,-0.02,-0.07,1.03
477,-0.03,-0.08,1.03
478,-0.03,-0.08,1.03
479,-0.03,-0.08,1.03
480,-0.03,-0.08,1.03
481,-0.03,-0.08,1.03
482,-0.03,-0.08,1.03
483,-0.02,-0.08,1.03
484,-0.02,-0.08,1.03
485,-0.02,-0.08,1.03
486,-0.02,-0.08,1.02
487,-0.03,-0.08,1.02
488,-0.03,-0.08,1.02
489,-0.03,-0.08,1.02
490,-0.03,-0.08,1.02
491,-0.03,-0.08,1.02
492,-0.03,-0.08,1.02
493,-0.04,-0.08,1.01
494,-0.04,-0.08,1.01
495,-0.04,-0.08,1.01
496,-0.04,-0.08,1.01
497,-0.04,-0.08,1.01
498,-0.04,-0.08,1.01
499,-0.04,-0.08,1.02
500,-0.04,-0.11,0.99
501,-0.07,-0.11,0.99
502,-0.07,-0.11,0.99
503,-0.07,-0.11,0.99
504,-0.07,-0.11,0.99
505,-0.07,-0.11,0.99
506,-0.07,-0.11,0.99
507,-0.07,-0.11,0.99
508,-0.07,-0.11,0.99
509,-0.07,-0.11,0.99
510,-0.07,-0.11,1.00
511,-0.07,-0.11,1.00
512,-0.07,-0.11,1.00
513,-0.07,-0.11,1.00
514,-0.07,-0.11,1.00
515,-0.07,-0.11,1.00
516,-0.07,-0.11,1.00
517,-0.07,-0.11,1.01
518,-0.06,-0.11,1.01
519,-0.06,-0.11,1.01
520,-0.06,-0.11,1.02
521,-0.05,-0.11,1.02
522,-0.05,-0.11,1.02
523,-0.05,-0.11,1.02
524,-0.05,-0.10,1.02
525,-0.05,-0.10,1.02
526,-0.05,-0.10,1.02
527,-0.05,-0.10,1.02
528,-0.05,-0.10,1.02
529,-0.05,-0.10,1.02
530,-0.05,-0.10,1.02
531,-0.05,-0.09,1.02
532,-0.05,-0.09,1.02
533,-0.05,-0.09,1.03
534,-0.05,-0.10,1.03
535,-0.05,-0.10,1.03
536,-0.05,-0.10,1.03
537,-0.05,-0.10,1.03
538,-0.05,-0.10,1.03
539,-0.05,-0.10,1.03
540,-0.05,-0.11,1.04
541,-0.05,-0.11,1.04
542,-0.05,-0.11,1.04
543,-0.05,-0.11,1.04
544,-0.05,-0.12,1.04
545,-0.05,-0.12,1.04
546,-0.05,-0.12,1.04
547,-0.05,-0.12,1.04
548,-0.05,-0.12,1.04
549,-0.05,-0.12,1.04
550,-0.05,-0.11,1.04
551,-0.05,-0.11,1.04
552,-0.05,-0.11,1.04
553,-0.05,-0.11,1.05
554,-0.05,-0.11,1.05
555,-0.05,-0.11,1.05
556,-0.05,-0.11,1.04
557,-0.04,-0.11,1.04
558,-0.04,-0.11,1.04
559,-0.04,-0.11,1.04
560,-0.04,-0.10,1.04
561,-0.04,-0.10,1.04
562,-0.04,-0.10,1.04
563,-0.04,-0.11,1.03
564,-0.04,-0.11,1.03
565,-0.04,-0.11,1.03
566,-0.04,-0.11,1.03
567,-0.03,-0.11,1.03
568,-0.03,-0.11,1.03
569,-0.03,-0.11,1.03
570,-0.03,-0.10,1.02
571,-0.03,-0.10,1.02
572,-0.03,-0.10,1.02
573,-0.02,-0.10,1.02
574,-0.02,-0.10,1.02
575,-0.02,-0.10,1.02
576,-0.02,-0.09,1.02
577,-0.02,-0.09,1.02
578,-0.02,-0.09,1.02
579,-0.02,-0.09,1.02
580,-0.02,-0.09,1.02
581,-0.02,-0.09,1.02
582,-0.02,-0.09,1.02
583,-0.01,-0.09,1.02
584,-0.01,-0.09,1.02
585,-0.01,-0.09,1.02
586,-0.01,-0.09,1.01
587,-0.01,-0.09,1.01
588,-0.01,-0.09,1.01
589,-0.01,-0.09,1.01
590,-0.01,-0.09,1.01
591,-0.01,-0.09,1.01
592,-0.01,-0.09,1.01
593,-0.01,-0.09,1.00
594,-0.01,-0.09,1.00
595,-0.01,-0.09,1.00
596,-0.02,-0.09,1.00
597,-0.02,-0.09,1.00
598,-0.02,-0.09,1.00
599,-0.02,-0.09,1.00
600,-0.02,-0.10,1.04
601,0.00,-0.10,1.04
602,0.00,-0.10,1.04
603,0.00,-0.10,1.04
604,0.00,-0.10,1.04
605,0.00,-0.10,1.04
606,0.00,-0.10,1.04
607,0.00,-0.10,1.04
608,0.00,-0.10,1.04
609,0.00,-0.10,1.04
610,0.00,-0.10,1.04
611,0.00,-0.10,1.04
612,0.00,-0.10,1.04
613,0.00,-0.10,1.04
614,0.00,-0.10,1.04
615,0.01,-0.10,1.04
616,0.01,-0.10,1.04
617,0.01,-0.10,1.04
618,0.00,-0.10,1.04
619,0.00,-0.10,1.04
620,0.00,-0.10,1.04
621,0.00,-0.11,1.03
622,-0.00,-0.11,1.03
623,-0.00,-0.11,1.03
624,-0.00,-0.11,1.04
625,-0.00,-0.11,1.04
626,-0.00,-0.11,1.04
627,-0.00,-0.11,1.04
628,-0.01,-0.10,1.04
629,-0.01,-0.10,1.04
630,-0.01,-0.10,1.04
631,-0.01,-0.10,1.04
632,-0.01,-0.10,1.04
633,-0.01,-0.10,1.04
634,-0.01,-0.10,1.04
635,-0.01,-0.10,1.04
636,-0.01,-0.10,1.04
637,-0.01,-0.10,1.03
638,-0.01,-0.10,1.03
639,-0.01,-0.10,1.03
640,-0.01,-0.10,1.03
641,-0.01,-0.10,1.02
642,-0.01,-0.10,1.02
643,-0.01,-0.10,1.02
644,-0.01,-0.10,1.03
645,-0.01,-0.10,1.03
646,-0.01,-0.10,1.03
647,-0.01,-0.10,1.03
648,-0.01,-0.11,1.03
649,-0.01,-0.11,1.03
650,-0.01,-0.11,1.03
651,-0.00,-0.11,1.03
652,-0.00,-0.11,1.03
653,-0.00,-0.11,1.03
654,-0.00,-0.11,1.02
655,-0.01,-0.11,1.02
656,-0.01,-0.11,1.02
657,-0.01,-0.11,1.03
658,-0.01,-0.11,1.03
659,-0.01,-0.11,1.03
660,-0.01,-0.11,1.03
661,-0.01,-0.11,1.03
662,-0.01,-0.11,1.03
663,-0.01,-0.11,1.03
664,-0.00,-0.11,1.03
665,-0.00,-0.11,1.03
666,-0.00,-0.11,1.03
667,-0.00,-0.11,1.02
668,-0.01,-0.11,1.02
669,-0.01,-0.11,1.02
670,-0.01,-0.11,1.01
671,-0.02,-0.12,1.01
672,-0.02,-0.12,1.01
673,-0.02,-0.12,1.01
674,-0.02,-0.11,1.00
675,-0.02,-0.11,1.00
676,-0.02,-0.11,1.00
677,-0.02,-0.11,1.00
678,-0.02,-0.11,1.00
679,-0.02,-0.11,1.00
680,-0.02,-0.11,1.00
681,-0.02,-0.11,1.00
682,-0.02,-0.11,1.00
683,-0.02,-0.11,1.01
684,-0.02,-0.11,1.01
685,-0.02,-0.11,1.01
686,-0.02,-0.11,1.01
687,-0.03,-0.11,1.01
688,-0.03,-0.11,1.01
689,-0.03,-0.11,1.01
690,-0.03,-0.11,1.01
691,-0.02,-0.11,1.01
692,-0.02,-0.11,1.01
693,-0.02,-0.11,1.01
694,-0.02,-0.11,1.01
695,-0.02,-0.11,1.01
696,-0.02,-0.11,1.01
697,-0.01,-0.11,1.01
698,-0.01,-0.11,1.01
699,-0.01,-0.11,1.01
700,-0.01,-0.10,1.02
701,-0.01,-0.10,1.02
702,-0.01,-0.10,1.02
703,-0.01,-0.10,1.02
704,-0.01,-0.10,1.02
705,-0.01,-0.10,1.02
706,-0.01,-0.10,1.02
707,-0.01,-0.11,1.00
708,-0.01,-0.11,1.00
709,-0.01,-0.11,1.00
710,-0.01,-0.11,1.02
711,-0.01,-0.11,1.02
712,-0.01,-0.11,1.02
713,-0.01,-0.11,1.02
714,-0.01,-0.11,1.02
715,-0.01,-0.11,1.02
716,-0.01,-0.11,1.03
717,-0.01,-0.11,1.03
718,-0.01,-0.11,1.03
719,-0.01,-0.11,1.03
720,-0.01,-0.11,1.04
721,-0.01,-0.11,1.04
722,-0.01,-0.11,1.04
723,-0.01,-0.12,1.03
724,-0.01,-0.12,1.03
725,-0.01,-0.12,1.03
726,-0.01,-0.12,1.03
727,-0.01,-0.12,1.03
728,-0.01,-0.12,1.03
729,-0.01,-0.12,1.02
730,-0.01,-0.12,1.02
731,-0.01,-0.12,1.02
732,-0.01,-0.12,1.02
733,-0.00,-0.11,1.02
734,-0.00,-0.11,1.02
735,-0.00,-0.11,1.02
736,-0.00,-0.11,1.02
737,-0.01,-0.11,1.02
738,-0.01,-0.11,1.02
739,-0.01,-0.11,1.02
740,-0.01,-0.12,1.02
741,-0.01,-0.12,1.02
742,-0.01,-0.12,1.02
743,-0.01,-0.12,1.02
744,-0.01,-0.12,1.02
745,-0.01,-0.12,1.02
746,-0.01,-0.12,1.02
747,-0.01,-0.12,1.02
748,-0.01,-0.12,1.02
749,-0.01,-0.12,1.01
750,-0.01,-0.12,1.01
751,-0.01,-0.12,1.01
752,-0.01,-0.12,1.01
753,-0.02,-0.12,1.01
754,-0.02,-0.12,1.01
755,-0.02,-0.12,1.01
756,-0.03,-0.11,1.02
757,-0.03,-0.11,1.02
758,-0.03,-0.11,1.02
759,-0.03,-0.12,1.02
760,-0.02,-0.12,1.02
761,-0.02,-0.12,1.02
762,-0.02,-0.12,1.02
763,-0.02,-0.12,1.02
764,-0.02,-0.12,1.02
765,-0.02,-0.12,1.02
766,-0.02,-0.11,1.02
767,-0.02,-0.11,1.02
768,-0.02,-0.11,1.02
769,-0.02,-0.11,1.01
770,-0.01,-0.11,1.01
771,-0.01,-0.11,1.01
772,-0.01,-0.11,1.03
773,-0.00,-0.11,1.03
774,-0.00,-0.11,1.03
775,-0.00,-0.11,1.03
776,-0.01,-0.11,1.03
777,-0.01,-0.11,1.03
778,-0.01,-0.11,1.03
779,-0.01,-0.11,1.03
780,-0.01,-0.11,1.03
781,-0.01,-0.11,1.03
782,-0.01,-0.11,1.03
783,-0.00,-0.11,1.03
784,-0.00,-0.11,1.03
785,-0.00,-0.11,1.02
786,0.00,-0.11,1.02
787,0.00,-0.11,1.02
788,0.00,-0.11,1.02
789,0.00,-0.11,1.02
790,0.00,-0.11,1.02
791,0.00,-0.11,1.02
792,0.00,-0.10,1.03
793,0.00,-0.10,1.03
794,0.00,-0.10,1.03
795,0.00,-0.10,1.02
796,0.00,-0.09,1.02
797,0.00,-0.09,1.02
798,0.00,-0.09,1.02
799,0.00,-0.11,1.02
800,-0.09,-0.09,1.06
801,-0.09,-0.09,1.06
802,-0.09,-0.09,1.06
803,-0.09,-0.09,1.06
804,-0.09,-0.09,1.06
805,-0.09,-0.09,1.06
806,-0.10,-0.09,1.05
807,-0.10,-0.09,1.05
808,-0.10,-0.09,1.05
809,-0.10,-0.09,1.05
810,-0.10,-0.09,1.05
811,-0.10,-0.09,1.05
812,-0.10,-0.09,1.04
813,-0.09,-0.09,1.04
814,-0.09,-0.09,1.04
815,-0.09,-0.09,1.04
816,-0.09,-0.09,1.05
817,-0.09,-0.09,1.05
818,-0.09,-0.09,1.05
819,-0.09,-0.08,1.05
820,-0.08,-0.08,1.05
821,-0.08,-0.08,1.05
822,-0.08,-0.08,1.05
823,-0.08,-0.08,1.05
824,-0.08,-0.08,1.05
825,-0.08,-0.08,1.04
826,-0.08,-0.07,1.04
827,-0.08,-0.07,1.04
828,-0.08,-0.07,1.04
829,-0.08,-0.06,1.03
830,-0.08,-0.06,1.03
831,-0.08,-0.06,1.03
832,-0.08,-0.06,1.02
833,-0.08,-0.06,1.02
834,-0.08,-0.06,1.02
835,-0.08,-0.06,1.02
836,-0.08,-0.07,1.02
837,-0.08,-0.07,1.02
838,-0.08,-0.07,1.02
839,-0.08,-0.07,1.01
840,-0.08,-0.07,1.01
841,-0.08,-0.07,1.01
842,-0.08,-0.07,1.02
843,-0.08,-0.07,1.02
844,-0.08,-0.07,1.02
845,-0.08,-0.08,1.03
846,-0.07,-0.08,1.03
847,-0.07,-0.08,1.03
848,-0.07,-0.08,1.04
849,-0.07,-0.08,1.04
850,-0.07,-0.08,1.04
851,-0.07,-0.08,1.04
852,-0.07,-0.09,1.04
853,-0.07,-0.09,1.04
854,-0.07,-0.09,1.04
855,-0.07,-0.10,1.04
856,-0.08,-0.10,1.04
857,-0.08,-0.10,1.04
858,-0.08,-0.10,1.04
859,-0.08,-0.10,1.04
860,-0.08,-0.10,1.04
861,-0.08,-0.10,1.04
862,-0.09,-0.10,1.04
863,-0.09,-0.10,1.04
864,-0.09,-0.10,1.04
865,-0.09,-0.10,1.02
866,-0.09,-0.10,1.02
867,-0.09,-0.10,1.02
868,-0.09,-0.10,1.02
869,-0.09,-0.10,1.02
870,-0.09,-0.10,1.02
871,-0.09,-0.10,0.99
872,-0.09,-0.10,0.99
873,-0.09,-0.10,0.99
874,-0.09,-0.10,0.99
875,-0.09,-0.10,1.00
876,-0.09,-0.10,1.00
877,-0.09,-0.10,1.00
878,-0.09,-0.10,1.01
879,-0.10,-0.10,1.01
880,-0.10,-0.10,1.01
881,-0.10,-0.10,1.00
882,-0.10,-0.10,1.00
883,-0.10,-0.10,1.00
884,-0.10,-0.10,1.00
885,-0.08,-0.11,1.00
886,-0.08,-0.11,1.00
887,-0.08,-0.11,1.00
888,-0.08,-0.09,1.01
889,-0.08,-0.09,1.01
890,-0.08,-0.09,1.01
891,-0.08,-0.08,1.00
892,-0.07,-0.08,1.00
893,-0.07,-0.08,1.00
894,-0.07,-0.08,1.01
895,-0.08,-0.09,1.01
896,-0.08,-0.09,1.01
897,-0.08,-0.09,1.01
898,-0.08,-0.10,1.01
899,-0.08,-0.10,1.01
900,0.01,-0.17,1.02
901,0.01,-0.17,1.02
902,0.01,-0.17,1.02
903,0.01,-0.17,1.02
904,0.01,-0.17,1.02
905,0.01,-0.17,1.02
906,0.01,-0.17,1.02
907,0.02,-0.16,1.02
908,0.02,-0.16,1.02
909,0.02,-0.16,1.02
910,0.02,-0.16,1.01
911,0.02,-0.16,1.01
912,0.02,-0.16,1.01
913,0.02,-0.16,1.01
914,0.01,-0.16,1.01
915,0.01,-0.16,1.01
916,0.01,-0.16,1.00
917,0.01,-0.15,1.00
918,0.01,-0.15,1.00
919,0.01,-0.15,1.00
920,0.01,-0.16,1.00
921,0.01,-0.16,1.00
922,0.01,-0.16,1.00
923,0.01,-0.16,1.00
924,0.01,-0.15,1.00
925,0.01,-0.15,1.00
926,0.01,-0.15,1.00
927,0.01,-0.15,1.00
928,0.01,-0.15,1.00
929,0.01,-0.15,1.00
930,0.01,-0.15,1.00
931,0.00,-0.15,1.00
932,0.00,-0.15,1.00
933,0.00,-0.15,1.00
934,0.01,-0.15,1.00
935,0.01,-0.15,1.00
936,0.01,-0.15,1.00
937,0.01,-0.15,1.00
938,0.01,-0.15,1.00
939,0.01,-0.15,1.00
940,0.01,-0.15,1.01
941,0.01,-0.15,1.01
942,0.01,-0.15,1.01
943,0.01,-0.15,1.01
944,0.00,-0.16,1.01
945,0.00,-0.16,1.01
946,0.00,-0.16,1.01
947,0.00,-0.16,1.00
948,0.01,-0.16,1.00
949,0.01,-0.16,1.00
950,0.01,-0.16,0.99
951,0.01,-0.16,0.99
952,0.01,-0.16,0.99
953,0.01,-0.16,0.99
954,0.01,-0.16,1.00
955,0.01,-0.16,1.00
956,0.01,-0.16,1.00
957,0.01,-0.16,1.00
958,0.01,-0.16,1.00
959,0.01,-0.16,1.00
960,0.01,-0.16,1.02
961,0.01,-0.16,1.02
962,0.01,-0.16,1.02
963,0.01,-0.16,1.02
964,0.01,-0.16,1.02
965,0.01,-0.16,1.02
966,0.01,-0.16,1.02
967,0.01,-0.15,1.02
968,0.01,-0.15,1.02
969,0.01,-0.15,1.02
970,0.01,-0.15,1.02
971,0.01,-0.16,1.03
972,0.01,-0.16,1.03
973,0.01,-0.16,1.03
974,0.01,-0.16,1.02
975,0.01,-0.16,1.02
976,0.01,-0.16,1.02
977,0.01,-0.16,1.01
978,0.01,-0.16,1.01
979,0.01,-0.16,1.01
980,0.01,-0.16,1.01
981,0.01,-0.15,1.00
982,0.01,-0.15,1.00
983,0.01,-0.15,1.00
984,0.01,-0.15,1.00
985,0.01,-0.15,1.00
986,0.01,-0.15,1.00
987,0.01,-0.15,1.00
988,0.01,-0.16,1.00
989,0.01,-0.16,1.00
990,0.01,-0.16,1.00
991,0.01,-0.16,1.00
992,0.01,-0.16,1.00
993,0.01,-0.16,1.00
994,0.01,-0.15,1.01
995,0.01,-0.15,1.01
996,0.01,-0.15,1.01
997,0.01,-0.15,1.01
998,0.00,-0.15,1.01
999,0.00,-0.15,1.01
